cap-diameter,cap-shape,gill-attachment,gill-color,stem-height,stem-width,stem-color,season,edible
973,6,0,10,2.58193814941854,2215,11,0.8884502877862838,0
413,2,1,6,0.5853370766492308,1027,11,0.9431945538974952,0
1605,5,1,10,1.0699223379791518,2538,11,1.804272708628173,0
466,2,6,11,0.4381144844827641,492,12,0.9431945538974952,1
545,2,1,10,0.1396903111723585,1071,6,0.9431945538974952,1
304,5,0,9,0.1595852560597189,501,10,0.8884502877862838,1
879,2,6,10,1.7901193429015974,1142,11,0.8884502877862838,1
38,6,0,11,0.963341029509078,25,11,0.9431945538974952,1
1568,6,2,10,1.8736781114285108,1846,11,0.8884502877862838,0
511,5,1,6,0.0513011597463009,1296,11,0.9431945538974952,0
394,2,6,11,0.859887316094804,298,6,0.9431945538974952,1
355,6,1,8,0.3505767269783785,620,11,0.9431945538974952,0
546,2,5,10,0.7047067459733931,834,3,0.9431945538974952,0
231,2,1,10,1.1742274453150978,501,11,0.9431945538974952,0
533,1,2,10,2.81271951011192,1169,6,0.8884502877862838,0
1126,5,5,0,0.3696202779440669,1984,0,1.804272708628173,0
290,6,1,10,1.0110888972387428,489,11,0.9431945538974952,0
920,2,5,11,1.0062585143395988,2265,1,0.9431945538974952,1
497,6,2,3,0.429305112606148,626,7,0.9431945538974952,1
978,2,5,11,0.3377883661242903,1845,1,0.9431945538974952,1
638,6,2,10,0.6521284953445842,1635,11,0.8884502877862838,1
318,2,6,10,0.6649168561986724,225,6,0.9431945538974952,1
212,6,1,11,1.3333870044139808,494,12,0.9431945538974952,1
330,6,0,6,0.6291059554014237,624,1,1.804272708628173,0
870,4,0,10,1.1534811065060655,1498,3,0.9431945538974952,0
245,6,1,11,1.2498282358870672,518,12,0.9431945538974952,1
670,2,6,10,1.0977752608214564,916,11,0.8884502877862838,1
558,6,2,10,0.0282786198031404,1177,11,0.9431945538974952,0
200,2,1,6,1.4447986957831989,446,7,0.9431945538974952,1
734,6,2,10,0.2979984763495695,1397,11,0.9431945538974952,1
434,6,0,11,0.1396903111723585,628,7,0.8884502877862838,1
884,6,0,10,0.5924436606825031,2815,6,1.804272708628173,0
526,6,5,3,0.593295054604175,823,11,0.9431945538974952,0
281,5,1,7,0.0871120605435496,301,6,0.9431945538974952,0
787,2,1,10,0.6083596165923914,1194,6,1.804272708628173,0
9,2,1,6,0.8837612499596363,30,12,0.8884502877862838,1
151,0,0,3,0.5336102199420939,150,3,0.9431945538974952,1
308,2,2,10,0.4619884183475966,305,11,0.8884502877862838,1
385,2,5,3,0.8121394483651391,629,11,0.8884502877862838,0
340,2,6,1,0.2351860466316883,422,6,0.9431945538974952,1
722,0,2,10,2.494400391914154,1233,11,0.8884502877862838,1
280,2,0,11,0.3426187490234343,641,9,0.8884502877862838,1
838,5,5,3,0.1874381789020234,1988,10,0.9431945538974952,0
716,5,5,0,0.1945447629352956,1956,10,0.9431945538974952,0
113,6,1,5,1.4288827398733106,209,6,0.9431945538974952,1
285,0,6,10,0.8439713601849157,195,12,0.8884502877862838,0
461,6,1,8,0.4938203301673731,641,9,0.8884502877862838,0
479,5,1,6,0.1436693001498306,1205,11,1.804272708628173,0
901,5,5,7,0.2860615094171533,1725,10,0.9431945538974952,0
171,5,1,7,0.0234482369039964,324,6,0.9431945538974952,0
744,2,5,11,0.1396903111723585,1535,1,0.9431945538974952,1
507,1,2,10,2.363093755657576,1038,6,0.9431945538974952,0
243,2,6,7,0.3656412889665948,315,6,0.8884502877862838,1
773,5,5,3,0.0203206418481963,2126,10,0.9431945538974952,0
118,1,0,3,0.5336102199420939,88,3,0.9431945538974952,0
153,2,1,7,0.1715222229921351,290,6,0.9431945538974952,0
475,6,0,11,0.0322576087806125,782,7,0.9431945538974952,1
188,6,0,10,0.162712851115519,184,11,0.9431945538974952,1
781,0,2,10,2.585917138396012,1253,11,0.8884502877862838,1
594,5,1,10,0.4580094293701244,790,11,0.8884502877862838,0
1088,2,5,9,0.863014911150604,2091,0,0.9431945538974952,0
30,6,0,5,0.808160459387667,54,4,0.8884502877862838,1
514,6,2,11,0.162712851115519,745,4,0.8884502877862838,1
694,2,5,11,0.0481735646905008,1381,12,0.9431945538974952,1
935,6,5,3,0.8152670434209391,2217,10,1.804272708628173,0
608,5,1,10,0.5813580876717588,725,11,0.8884502877862838,0
140,0,0,3,0.3465977380009064,157,3,0.9431945538974952,1
542,6,6,10,0.2542295975973768,1020,6,0.9431945538974952,0
201,2,1,11,1.4169457729408943,400,7,0.9431945538974952,1
638,2,5,10,0.3426187490234343,974,3,0.8884502877862838,0
429,6,0,11,0.640191528412168,535,7,0.9431945538974952,0
565,5,1,0,0.0640895206003891,1175,11,0.9431945538974952,0
104,6,1,10,0.2272280686767442,159,12,0.9431945538974952,0
211,6,6,7,0.6202965835248075,299,8,0.9431945538974952,1
475,6,0,10,0.2582085865748488,476,7,0.0273721330556057,0
308,2,2,5,0.5773790986942867,267,11,0.8884502877862838,1
75,6,0,10,0.167543234014663,184,12,0.9431945538974952,0
222,0,0,9,0.4221985285728758,391,10,0.8884502877862838,1
844,2,5,3,0.1746498180479352,1807,10,0.9431945538974952,0
377,6,0,11,0.0203206418481963,588,7,0.9431945538974952,1
864,2,5,10,0.7157923189841373,3448,11,0.0273721330556057,0
594,5,1,10,0.3545557159558505,792,11,0.9431945538974952,0
30,6,0,11,1.0110888972387428,33,11,0.8884502877862838,1
488,6,0,5,0.0274272258814685,505,11,1.804272708628173,0
779,2,1,0,0.0672171156561892,1117,11,1.804272708628173,0
417,6,1,8,0.1229229613407983,694,5,0.8884502877862838,0
543,6,0,5,0.274975936406409,350,11,0.9431945538974952,0
111,6,1,10,0.0362365977580846,153,12,0.9431945538974952,0
584,2,5,10,0.0282786198031404,998,6,0.8884502877862838,0
430,6,0,11,0.0234482369039964,635,7,0.8884502877862838,1
402,6,0,8,0.0800054765102774,603,5,0.8884502877862838,0
369,6,0,6,0.7683705696129463,550,7,0.9431945538974952,0
797,6,6,10,1.0898172828665122,914,11,0.9431945538974952,1
121,0,0,3,0.4023035836855154,156,6,0.8884502877862838,1
25,6,0,7,0.863866305072276,46,4,0.9431945538974952,1
1067,2,5,3,0.3537043220341786,1999,10,0.9431945538974952,0
261,0,0,9,0.0791540825886055,465,10,0.8884502877862838,1
489,2,5,10,0.979256985418966,713,6,0.8884502877862838,0
1127,2,1,10,0.5128638811330616,2284,11,1.804272708628173,0
602,1,2,10,2.56204320453118,1284,11,0.9431945538974952,0
810,2,0,10,1.7304345082395165,1227,11,0.9431945538974952,1
262,6,0,6,0.8559083271173319,546,1,1.804272708628173,0
614,2,5,11,1.1534811065060655,1176,7,0.9431945538974952,0
25,6,0,11,1.1264795775854328,18,11,0.8884502877862838,1
286,6,0,1,0.4460724624377082,617,7,0.8884502877862838,0
605,6,5,10,0.1078583993525819,2720,11,0.0273721330556057,0
1072,2,0,10,0.1149649833858541,2468,6,1.804272708628173,0
540,2,5,11,0.2590599804965208,1198,12,0.9431945538974952,1
579,6,2,10,2.2874929650856064,1185,11,0.8884502877862838,0
731,0,2,10,2.339219821792744,1079,11,0.9431945538974952,1
427,6,5,11,0.7405176467706417,703,11,0.8884502877862838,0
1074,2,0,10,2.191997229626277,1599,11,0.8884502877862838,1
304,0,0,11,0.3306817820910181,564,9,0.8884502877862838,1
1551,6,2,10,1.666770684599963,1810,11,0.8884502877862838,0
659,2,5,10,0.6521284953445842,2916,11,0.0273721330556057,0
242,6,0,10,1.2768297648076998,238,6,0.8884502877862838,1
588,6,0,5,0.0513011597463009,415,3,0.9431945538974952,0
320,2,6,7,0.5765277047726147,291,6,0.8884502877862838,1
1020,6,0,10,1.4121153900417502,1847,11,0.9431945538974952,0
241,0,2,5,0.6927697790409768,300,11,0.8884502877862838,1
199,6,0,10,0.1786288070254073,420,11,0.8884502877862838,0
19,6,0,7,0.7962234924552508,46,4,0.8884502877862838,1
637,2,5,10,0.0751750936111334,929,11,0.8884502877862838,0
110,6,1,5,1.5363154422650565,198,6,0.8884502877862838,1
355,2,6,1,0.2113121127668558,414,6,0.8884502877862838,1
607,6,0,5,0.0433431817913568,448,11,0.8884502877862838,0
1550,6,2,10,1.615043827892826,1778,11,0.9431945538974952,0
672,0,5,10,0.5734001097168147,943,3,0.8884502877862838,0
840,4,2,10,0.962489635587406,1465,11,0.9431945538974952,1
860,2,5,11,0.4094101677187876,1673,12,0.9431945538974952,1
100,6,1,10,0.0402155867355567,127,12,0.9431945538974952,0
562,2,6,10,0.5248008480654778,1047,6,1.804272708628173,0
332,6,1,8,0.4301565065278199,593,9,0.8884502877862838,0
539,6,2,10,0.0959214324201657,1267,11,0.8884502877862838,0
356,0,2,5,0.4023035836855154,315,11,0.9431945538974952,1
36,6,0,7,1.0349628311035752,51,4,0.8884502877862838,1
757,0,2,10,2.689370851810286,1284,11,0.9431945538974952,1
111,1,0,10,0.3545557159558505,105,3,0.8884502877862838,0
397,6,0,11,0.0999004213976378,753,7,0.9431945538974952,1
385,2,0,3,0.0879634544652216,340,6,0.8884502877862838,0
439,6,6,10,1.2131659411681466,499,6,0.9431945538974952,1
279,6,1,10,1.078731709855768,477,11,0.9431945538974952,0
782,4,0,10,1.0778803159340962,1423,3,0.8884502877862838,0
259,2,1,10,1.3652189162337574,619,11,0.8884502877862838,1
30,6,0,7,0.5734001097168147,66,4,0.0273721330556057,1
378,2,0,9,0.0711961046336613,639,10,0.8884502877862838,1
28,6,0,7,0.8479503491623878,42,4,0.0273721330556057,1
119,6,1,5,1.7551598360260203,188,6,0.9431945538974952,1
498,6,2,11,0.2104607188451839,708,4,0.9431945538974952,1
785,0,2,10,2.8843413117064176,1279,11,0.8884502877862838,1
747,6,0,10,1.9492789020004804,1294,11,0.8884502877862838,1
61,6,0,10,1.1463745224727933,100,1,0.8884502877862838,1
288,6,0,6,1.241870257932123,508,7,0.9431945538974952,1
713,6,2,10,1.0858382938890403,1523,11,0.9431945538974952,1
53,1,0,7,0.4062825726629875,47,6,0.9431945538974952,0
703,2,5,11,1.4598632577714152,1345,6,0.9431945538974952,0
178,0,0,3,0.4460724624377082,158,6,0.8884502877862838,1
910,6,5,10,0.1746498180479352,3237,11,0.0273721330556057,0
632,2,5,10,0.270996947428937,896,6,0.9431945538974952,0
773,2,5,11,0.7675191756912743,2231,10,0.9431945538974952,1
40,6,0,5,0.863866305072276,44,4,1.804272708628173,1
1382,6,0,10,0.5248008480654778,2179,11,1.804272708628173,0
654,6,2,10,0.0632381266787172,1260,12,0.8884502877862838,0
427,6,0,5,0.4142405506179316,401,11,1.804272708628173,0
1000,5,5,0,0.3855362338539552,1865,0,1.804272708628173,0
1084,2,0,10,0.5566327598852544,2358,6,0.9431945538974952,0
724,0,2,10,2.518274325778987,1128,11,0.9431945538974952,1
669,0,2,10,2.526232303733931,1131,11,0.9431945538974952,1
559,6,0,10,0.1547548731605749,1138,3,0.8884502877862838,0
62,6,0,10,1.186164412247514,101,1,0.8884502877862838,1
110,1,0,10,0.4261775175503479,119,3,0.9431945538974952,0
190,0,0,3,0.2988498702712415,152,6,0.8884502877862838,1
753,2,5,5,0.8550569331956599,1213,6,0.9431945538974952,0
299,6,0,11,1.3294080154365089,529,12,0.9431945538974952,1
616,6,2,10,0.1158163773075261,1098,11,0.8884502877862838,0
253,2,6,11,0.4739253852800127,226,6,0.9431945538974952,1
420,6,0,11,0.2829339143613532,550,7,0.9431945538974952,1
349,6,0,8,0.2621875755523209,768,9,0.9431945538974952,0
561,6,6,10,0.4332841015836201,984,6,0.9431945538974952,0
151,6,0,9,0.1874381789020234,347,11,1.804272708628173,0
655,6,6,10,3.4732316803722845,743,6,0.8884502877862838,1
905,2,5,11,0.377578255899011,1688,10,0.9431945538974952,1
1339,2,5,9,0.7913931095561068,2221,10,0.9431945538974952,0
578,0,2,4,0.4850109582907571,685,12,0.8884502877862838,1
533,2,1,10,0.2511020025415766,904,6,0.9431945538974952,1
651,6,2,10,0.9226997458126852,1770,11,0.9431945538974952,1
258,5,1,10,1.1981013791799302,708,11,0.9431945538974952,1
1224,6,2,10,1.3126406656049483,1648,11,0.9431945538974952,0
601,2,6,10,0.695897374096777,1140,6,1.804272708628173,0
498,6,5,11,0.5176942640322055,784,11,0.9431945538974952,0
436,6,1,10,0.4739253852800127,802,6,1.804272708628173,1
1104,2,0,10,1.7423714751719324,1902,11,0.9431945538974952,0
534,6,2,10,0.10700700543091,1184,11,0.9431945538974952,0
239,2,6,7,0.2025027408902398,281,8,0.9431945538974952,1
46,2,0,10,0.0163416528707242,67,6,0.9431945538974952,0
702,2,5,11,1.0102375033170707,1148,7,0.9431945538974952,0
285,0,2,10,0.6848118010860327,290,11,0.9431945538974952,1
256,5,1,7,0.5526537709077823,317,6,0.9431945538974952,0
433,2,1,11,0.3028288592487136,889,6,1.804272708628173,1
743,2,5,10,0.1786288070254073,2592,11,0.0273721330556057,0
229,2,1,7,0.4531790464709804,356,6,0.8884502877862838,0
956,2,5,10,0.5446957929528382,2795,11,0.8884502877862838,0
445,2,5,11,0.7405176467706417,825,12,0.9431945538974952,1
1120,2,0,10,3.0435008708053006,1973,11,0.9431945538974952,0
298,6,1,10,0.9832359743964384,537,11,1.804272708628173,0
343,2,2,5,0.4619884183475966,310,11,0.8884502877862838,1
224,6,0,11,1.0588367649684076,452,12,0.9431945538974952,1
1198,2,1,10,1.3643675223120857,1376,6,1.804272708628173,0
676,6,0,10,0.3855362338539552,1335,11,0.8884502877862838,0
435,2,0,9,0.7476242308039139,658,10,0.9431945538974952,1
107,6,1,5,1.8745295053501827,186,6,0.9431945538974952,1
1239,6,2,10,1.933362946090592,1311,11,0.8884502877862838,1
715,6,5,10,0.1030280164534379,2622,11,0.0273721330556057,0
41,6,0,11,0.9991519303063264,26,12,0.9431945538974952,1
584,6,2,10,0.1038794103751098,1154,12,0.9431945538974952,0
389,2,0,10,0.3059564543045137,479,6,1.804272708628173,0
21,6,1,6,0.7683705696129463,45,12,0.8884502877862838,1
902,2,0,10,1.4160943790192224,1308,11,0.8884502877862838,0
394,1,2,10,2.2397450973559416,1170,6,0.8884502877862838,0
1240,2,2,10,2.092522505189475,1633,11,0.9431945538974952,1
297,5,1,10,1.1463745224727933,685,11,0.9431945538974952,1
615,2,5,10,0.158733862138047,1060,6,0.8884502877862838,0
296,6,0,1,0.975277996441494,472,7,0.9431945538974952,0
317,6,0,6,0.5495261758519822,611,7,0.9431945538974952,0
424,6,0,11,0.0402155867355567,505,7,1.804272708628173,0
1001,2,0,10,0.6640654622770004,2378,6,0.9431945538974952,0
418,2,0,10,0.158733862138047,428,6,1.804272708628173,0
867,2,1,10,0.8908678339929086,1440,6,1.804272708628173,0
592,0,2,11,0.8868888450154365,773,4,0.8884502877862838,1
17,6,0,5,1.0548577759909357,34,4,0.8884502877862838,1
379,6,5,11,0.7643915806354742,1135,12,0.9431945538974952,1
236,6,0,10,0.2064817298677118,440,11,1.804272708628173,0
481,2,5,11,0.859887316094804,575,11,0.9431945538974952,0
511,6,0,11,0.0194692479265244,663,7,0.9431945538974952,1
73,6,0,10,0.1357113221948865,96,12,0.8884502877862838,0
850,2,6,10,1.3126406656049483,1094,11,0.8884502877862838,1
1248,2,5,9,1.2609138088978116,2066,0,1.804272708628173,0
464,2,0,10,0.2184186968001281,568,7,0.9431945538974952,0
471,5,1,10,0.3147658261811298,764,11,0.8884502877862838,0
1469,6,2,10,1.615043827892826,1629,11,0.8884502877862838,0
151,2,1,7,0.1357113221948865,273,6,0.9431945538974952,0
1038,2,5,0,0.3139144322594578,1890,0,1.804272708628173,0
376,2,0,3,0.056131542645445,666,10,0.8884502877862838,1
33,6,0,7,0.9593620405316058,43,4,0.0273721330556057,1
194,0,2,10,1.1225005886079609,266,11,0.9431945538974952,1
617,0,2,10,2.195976218603749,1225,11,0.9431945538974952,1
557,6,0,5,0.0393641928138847,385,3,1.804272708628173,0
198,0,0,3,0.270996947428937,184,3,0.8884502877862838,1
417,6,2,10,1.9532578909779523,1001,11,0.9431945538974952,0
515,2,5,11,0.0083836749157801,1220,12,0.9431945538974952,1
438,6,1,8,0.4102615616404595,649,11,0.8884502877862838,0
521,2,5,11,0.6291059554014237,1036,12,0.9431945538974952,1
1035,6,0,10,2.024879692572449,1481,11,0.9431945538974952,1
475,2,1,10,0.3863876277756271,867,6,0.9431945538974952,1
210,2,0,6,1.3214500374815643,491,12,0.9431945538974952,1
749,6,0,10,1.913468001203232,1582,11,0.8884502877862838,1
298,0,0,3,0.1715222229921351,414,10,0.8884502877862838,1
799,4,2,10,1.1614390844610096,1566,11,0.9431945538974952,1
567,6,5,8,0.0990490274759658,1437,6,0.9431945538974952,1
570,2,6,10,0.5088848921555895,1029,6,1.804272708628173,0
780,6,5,3,0.0203206418481963,2138,10,1.804272708628173,0
229,0,0,3,0.6768538231310886,226,6,1.804272708628173,0
378,0,0,3,0.2272280686767442,258,3,1.804272708628173,0
1040,6,1,10,1.1574600954835377,1570,6,1.804272708628173,0
616,6,2,10,2.69732882976523,1228,11,0.8884502877862838,0
642,6,2,10,0.2860615094171533,1311,11,0.9431945538974952,1
473,5,1,10,0.4938203301673731,695,11,0.9431945538974952,0
27,6,1,6,0.8320343932524994,46,7,0.8884502877862838,1
674,2,5,10,0.0163416528707242,963,11,0.9431945538974952,0
218,6,1,10,1.3731768941887017,652,11,0.8884502877862838,1
588,6,0,5,0.0433431817913568,447,3,0.8884502877862838,0
417,2,1,11,0.4580094293701244,860,6,0.9431945538974952,1
628,5,1,0,0.0800054765102774,1152,11,1.804272708628173,0
916,2,0,10,2.032837670527394,1836,11,0.8884502877862838,0
170,5,1,7,0.0919424434426936,296,6,0.8884502877862838,0
352,6,0,8,0.2312070576542162,654,5,0.8884502877862838,0
554,1,2,10,2.104459472121891,1133,6,0.8884502877862838,0
347,2,0,11,0.4619884183475966,410,7,0.9431945538974952,0
714,2,5,10,0.6640654622770004,2835,11,0.0273721330556057,0
299,0,0,9,0.9991519303063264,294,10,0.9431945538974952,1
267,0,0,11,0.4460724624377082,514,9,0.8884502877862838,1
195,6,6,7,0.1507758841831028,270,6,0.8884502877862838,1
195,6,0,7,0.6282545614797517,211,11,0.9431945538974952,1
523,1,2,10,1.8736781114285108,1072,6,0.8884502877862838,0
411,0,0,3,0.0075322809941081,358,6,0.0273721330556057,0
444,6,5,11,0.3545557159558505,1255,12,0.9431945538974952,1
1457,5,1,10,1.8060352988114856,2745,11,0.9431945538974952,0
237,2,0,3,0.5853370766492308,277,3,0.0273721330556057,0
259,0,0,3,0.5336102199420939,257,3,0.0273721330556057,0
269,6,0,9,0.1436693001498306,382,11,1.804272708628173,0
1528,6,2,10,2.0169217146175056,1779,11,0.8884502877862838,0
451,6,5,10,0.6012530325591191,1217,11,0.8884502877862838,1
260,6,0,6,0.6927697790409768,622,7,0.8884502877862838,0
253,2,1,7,0.9545316576324616,340,6,0.8884502877862838,0
366,6,5,8,0.5336102199420939,1262,11,0.9431945538974952,1
463,0,2,11,0.751603219781386,690,4,0.9431945538974952,1
360,2,2,5,0.5574841538069263,295,11,0.8884502877862838,1
291,6,0,1,0.7047067459733931,601,7,0.8884502877862838,0
465,1,2,10,2.434715557252073,1202,6,0.8884502877862838,0
1006,6,2,10,1.8975520452933432,1172,11,0.9431945538974952,1
151,2,0,7,0.214439707822656,304,6,0.8884502877862838,0
1038,6,0,10,0.1229229613407983,2327,6,0.9431945538974952,0
429,6,2,11,0.4253261236286759,736,12,0.8884502877862838,1
855,6,5,7,0.0402155867355567,2012,10,0.9431945538974952,0
602,2,5,10,0.2232490796992721,857,6,0.8884502877862838,0
393,5,1,10,0.5574841538069263,747,11,0.9431945538974952,0
570,2,1,6,0.2829339143613532,1125,11,1.804272708628173,0
227,6,0,1,0.7126647239283372,601,1,0.8884502877862838,0
854,2,5,0,0.0314062148589406,1938,0,0.9431945538974952,0
432,6,1,8,0.0322576087806125,818,11,0.8884502877862838,0
319,6,0,6,0.7763285475678904,579,1,0.8884502877862838,0
776,6,0,10,0.3537043220341786,1284,11,0.9431945538974952,0
528,6,2,10,0.1030280164534379,1298,11,0.8884502877862838,0
507,6,0,5,0.5137152750547335,345,3,0.9431945538974952,0
338,2,6,10,1.0349628311035752,198,6,0.9431945538974952,1
1064,2,2,10,1.6349387727801863,1158,11,0.8884502877862838,1
238,6,0,10,0.2033541348119117,383,11,0.9431945538974952,0
15,6,0,11,1.2100383461123465,5,12,0.8884502877862838,1
826,6,2,10,1.0500273930917916,1593,11,0.8884502877862838,1
815,0,2,10,2.9679000802333317,1370,11,0.8884502877862838,1
652,0,5,3,0.5009269142006454,1108,3,0.8884502877862838,0
147,6,1,6,1.4288827398733106,468,7,0.9431945538974952,1
254,0,6,10,0.7842865255228345,225,12,0.8884502877862838,0
363,6,6,7,0.7874141205786347,368,6,0.8884502877862838,1
48,6,0,10,1.2100383461123465,86,6,0.8884502877862838,1
311,2,0,9,0.056131542645445,475,10,0.9431945538974952,1
772,6,5,10,0.2064817298677118,2761,11,0.0273721330556057,0
532,6,1,11,0.1396903111723585,1042,6,1.804272708628173,1
300,6,0,1,0.8718242830272201,523,7,1.804272708628173,0
907,2,6,10,1.7423714751719324,1309,11,0.9431945538974952,1
415,2,5,10,0.4420934734602362,740,11,0.9431945538974952,0
550,2,5,10,0.1078583993525819,899,6,0.9431945538974952,0
244,5,1,10,1.3134920595266204,702,11,0.9431945538974952,1
367,2,0,11,0.004404685938308,494,7,0.0273721330556057,0
791,2,5,11,1.5394430373208567,1301,6,0.9431945538974952,0
1143,6,2,10,1.817972265743902,1380,11,0.9431945538974952,1
851,6,5,10,0.270145553507265,3072,11,0.8884502877862838,0
716,2,5,3,0.1874381789020234,979,3,0.9431945538974952,0
322,0,6,10,0.3704716718657388,253,12,0.8884502877862838,0
1019,2,5,0,0.9943215474071824,2037,0,0.9431945538974952,0
42,6,0,7,0.541568197897038,59,4,0.9431945538974952,1
357,0,6,10,0.4500514514151803,305,12,0.9431945538974952,0
537,2,1,0,0.4659674073250686,1142,11,1.804272708628173,0
601,2,5,5,1.06594334900168,1218,6,0.9431945538974952,0
384,6,0,11,0.0353852038364127,708,7,0.8884502877862838,1
31,2,1,6,0.7643915806354742,48,12,0.9431945538974952,1
1403,6,2,10,2.0805855382570586,1786,11,0.9431945538974952,0
68,2,0,7,0.111837388330054,54,6,0.9431945538974952,0
8,2,1,6,0.863866305072276,42,12,0.9431945538974952,1
50,6,0,7,0.4420934734602362,44,6,0.9431945538974952,0
557,2,6,10,0.111837388330054,861,6,0.9431945538974952,0
805,2,5,10,0.6600864732995283,2713,11,0.8884502877862838,0
332,0,2,5,0.5455471868745101,303,11,0.8884502877862838,1
746,4,0,10,0.5128638811330616,1375,3,0.8884502877862838,0
25,6,0,7,0.919572150756885,40,4,1.804272708628173,1
928,5,5,7,0.3099354432819858,1949,10,1.804272708628173,0
220,2,0,6,1.289618125661788,502,12,0.9431945538974952,1
647,2,6,10,3.1469545842195745,726,6,0.8884502877862838,1
886,6,0,10,1.778182375969181,1677,6,0.9431945538974952,0
1037,2,0,10,0.377578255899011,2476,6,1.804272708628173,0
28,6,0,5,0.8559083271173319,51,4,1.804272708628173,1
337,0,2,10,0.7922445034777786,298,11,0.9431945538974952,1
194,6,0,10,0.0592591377012451,195,6,0.9431945538974952,1
495,6,0,5,0.2670179584514649,445,3,0.9431945538974952,0
516,2,5,3,0.6728748341536165,881,3,0.8884502877862838,0
885,5,5,0,0.6760024292094166,2112,0,0.9431945538974952,0
120,6,1,5,1.5164204973776962,228,6,0.9431945538974952,1
275,5,1,10,1.186164412247514,767,11,0.9431945538974952,1
1750,6,1,10,1.5434220262983287,2567,11,1.804272708628173,0
146,0,0,3,0.752454613703058,124,6,0.8884502877862838,1
416,6,5,11,0.5137152750547335,1228,12,0.9431945538974952,1
135,0,0,3,0.3903666167530992,130,3,0.8884502877862838,1
242,2,0,8,0.485862352212429,558,9,0.8884502877862838,1
615,6,2,10,0.1914171678794955,1177,12,0.9431945538974952,0
116,1,0,3,0.4580094293701244,98,3,0.9431945538974952,0
672,6,2,10,0.4929689362457012,1470,11,0.8884502877862838,1
1021,6,0,10,0.0433431817913568,2155,6,0.9431945538974952,0
1211,6,2,10,1.817972265743902,1445,11,0.8884502877862838,1
231,6,0,6,0.7842865255228345,571,7,0.9431945538974952,0
588,2,6,10,0.3298303881693462,1008,6,1.804272708628173,0
755,6,2,10,0.5645907378401985,1534,11,0.9431945538974952,1
214,6,1,11,1.4726516186255034,444,7,0.9431945538974952,1
297,2,2,5,0.3107868372036577,319,11,0.9431945538974952,1
267,6,0,10,0.0760264875328053,398,11,1.804272708628173,0
467,6,0,11,0.0990490274759658,817,7,0.8884502877862838,1
459,2,6,1,0.0871120605435496,449,12,0.8884502877862838,1
593,0,5,10,0.3664926828882667,1036,3,0.8884502877862838,0
538,6,0,11,0.9425946907000456,599,7,1.804272708628173,0
228,2,0,8,0.5734001097168147,528,12,0.9431945538974952,1
199,6,0,9,0.10700700543091,412,11,0.8884502877862838,0
851,6,5,3,0.5924436606825031,2131,10,0.9431945538974952,0
248,6,0,6,0.8240764152975553,588,7,0.8884502877862838,0
569,2,5,11,0.0760264875328053,1696,10,0.9431945538974952,1
363,2,2,5,0.649000900288784,306,11,0.8884502877862838,1
387,2,5,3,0.7126647239283372,878,3,0.9431945538974952,0
262,0,0,8,0.6131899994915354,560,9,0.8884502877862838,1
488,2,0,3,0.167543234014663,266,6,1.804272708628173,0
24,6,0,11,1.1423955334953213,18,12,0.9431945538974952,1
359,0,2,5,0.5853370766492308,304,11,0.8884502877862838,1
32,2,0,7,0.3028288592487136,46,6,0.8884502877862838,0
128,6,1,5,1.5960002769271375,204,6,0.8884502877862838,1
168,2,0,7,0.2232490796992721,211,6,0.8884502877862838,0
265,6,0,6,0.9474250735991896,540,7,1.804272708628173,0
216,6,0,1,0.9275301287118292,558,7,1.804272708628173,0
1030,6,5,7,0.2860615094171533,1899,10,1.804272708628173,0
91,1,0,3,0.5256522419871498,98,3,0.8884502877862838,0
747,6,5,10,0.2192700907218,1600,11,0.9431945538974952,1
885,4,2,10,1.1296071726412331,1580,11,0.9431945538974952,1
21,6,0,5,0.9315091176893012,51,4,0.9431945538974952,1
104,6,1,5,1.5681473540848332,200,6,0.8884502877862838,1
287,0,6,10,1.019046875193687,198,12,0.8884502877862838,0
480,2,0,3,0.0680685095778612,353,3,0.8884502877862838,0
119,6,0,10,0.3537043220341786,217,12,0.8884502877862838,0
312,5,1,10,1.3174710485040924,655,11,0.8884502877862838,1
531,0,5,10,0.9991519303063264,766,3,0.9431945538974952,0
470,2,6,5,0.1269019503182704,483,12,0.8884502877862838,1
220,6,0,11,1.2299332909997067,532,7,0.9431945538974952,1
86,6,0,10,0.2550809915190487,114,12,0.9431945538974952,0
199,2,1,7,0.0402155867355567,293,6,0.8884502877862838,0
245,2,0,11,0.4420934734602362,530,12,0.8884502877862838,1
764,2,0,10,1.877657100405983,1486,11,0.8884502877862838,1
615,2,5,11,0.4173681456737318,1901,1,0.9431945538974952,1
242,6,1,10,1.3174710485040924,690,11,0.8884502877862838,1
1079,5,5,3,0.8908678339929086,2073,10,0.9431945538974952,0
118,6,1,5,1.512441508400224,224,6,0.9431945538974952,1
694,4,2,10,0.6640654622770004,1675,11,0.8884502877862838,1
741,6,2,10,0.4929689362457012,1287,11,0.8884502877862838,1
653,2,5,5,1.1574600954835377,1186,7,0.9431945538974952,0
752,4,2,10,0.4730739913583408,1290,11,0.9431945538974952,1
697,4,2,10,0.6600864732995283,1578,11,0.8884502877862838,1
295,0,6,10,1.0150678862162148,226,12,0.9431945538974952,0
630,6,6,10,1.619022816870298,650,6,0.8884502877862838,1
246,2,6,10,0.5574841538069263,270,6,0.8884502877862838,1
171,6,1,6,1.3095130705491482,454,12,0.9431945538974952,1
759,6,0,10,0.5964226496599752,1415,3,0.8884502877862838,0
897,6,0,10,0.0640895206003891,2265,6,0.9431945538974952,0
380,6,5,11,0.5614631427843984,1127,12,0.9431945538974952,1
68,6,0,10,1.046899798035991,124,1,0.8884502877862838,1
376,6,0,11,0.2502506086199046,449,6,0.9431945538974952,0
1045,6,6,10,1.7025815853972115,1122,11,0.8884502877862838,1
195,6,0,7,0.1905657739578236,178,11,0.9431945538974952,1
21,6,1,6,0.7007277569959209,40,12,0.9431945538974952,1
901,2,6,10,1.3524305553796692,1108,11,0.8884502877862838,1
696,2,6,10,2.363093755657576,647,6,0.9431945538974952,1
375,2,0,3,0.4213471346512039,369,6,0.9431945538974952,0
101,6,1,5,1.6278321887469145,184,6,0.9431945538974952,1
111,6,1,10,0.2272280686767442,113,12,0.8884502877862838,0
207,2,1,10,1.2697231807744276,500,11,0.9431945538974952,0
462,6,2,10,0.163564245037191,1219,12,0.9431945538974952,0
767,2,5,5,0.7993510875110509,1175,7,0.9431945538974952,0
1167,6,0,10,1.3723255002670296,1747,6,1.804272708628173,0
322,2,2,5,0.7564336026805301,274,11,0.9431945538974952,1
552,6,6,10,1.865720133473567,633,6,0.8884502877862838,1
208,6,0,10,0.0234482369039964,194,6,0.8884502877862838,1
227,6,0,10,0.4850109582907571,451,11,0.9431945538974952,0
380,2,5,11,0.6092110105140632,769,11,0.9431945538974952,0
722,6,6,10,1.0341114371819031,811,11,0.9431945538974952,1
660,6,0,5,0.4253261236286759,537,11,0.9431945538974952,0
747,6,6,10,1.06594334900168,877,11,0.9431945538974952,1
552,6,5,10,0.2431440245866324,1337,11,0.9431945538974952,1
154,0,0,3,0.4500514514151803,149,3,0.8884502877862838,1
459,6,5,8,0.3505767269783785,1351,6,0.8884502877862838,1
249,2,1,10,1.289618125661788,613,11,0.8884502877862838,1
870,4,2,10,0.7953720985335788,1418,11,0.8884502877862838,1
677,6,5,8,0.0919424434426936,1450,11,0.9431945538974952,1
315,0,6,10,0.5455471868745101,246,12,0.8884502877862838,0
1156,2,1,10,0.5805066937500868,2132,11,0.9431945538974952,0
481,6,1,8,0.163564245037191,681,11,0.9431945538974952,0
870,6,6,10,1.5394430373208567,1252,11,0.9431945538974952,1
120,1,0,3,0.2829339143613532,109,3,0.9431945538974952,0
224,2,1,7,0.1038794103751098,317,6,0.9431945538974952,0
1037,6,0,10,2.108438461099363,1718,11,0.8884502877862838,0
895,2,5,11,0.4412420795385642,1840,12,0.9431945538974952,1
29,6,1,6,0.7047067459733931,48,12,0.9431945538974952,1
953,4,2,10,1.3404935884472529,1755,11,0.9431945538974952,1
873,2,6,10,1.6826866405098513,1138,11,0.8884502877862838,1
368,6,0,11,0.0314062148589406,676,7,0.8884502877862838,1
129,6,1,5,1.6278321887469145,208,6,0.9431945538974952,1
325,0,0,3,0.0751750936111334,327,3,0.9431945538974952,0
497,0,2,11,0.0839844654877495,555,12,0.9431945538974952,1
734,6,6,10,3.337946055138234,680,6,0.9431945538974952,1
543,2,1,6,0.0234482369039964,1225,11,1.804272708628173,0
281,6,0,10,0.1706708290704632,446,11,1.804272708628173,0
522,6,1,11,0.3744506608432109,854,6,0.9431945538974952,1
732,2,5,10,0.0680685095778612,3107,11,0.8884502877862838,0
68,2,0,10,0.1914171678794955,49,6,0.8884502877862838,0
707,6,0,10,1.6866656294873237,1389,11,0.9431945538974952,1
257,2,0,11,0.5176942640322055,412,6,0.0273721330556057,0
612,5,1,10,0.1396903111723585,800,11,0.9431945538974952,0
14,6,0,11,1.1384165445178491,7,12,0.8884502877862838,1
1159,6,1,10,1.7025815853972115,1447,6,1.804272708628173,0
725,2,5,10,0.0999004213976378,865,6,0.9431945538974952,0
1015,2,1,10,1.6906446184647954,1608,6,0.8884502877862838,0
660,2,5,5,1.1415441395736492,1219,6,0.9431945538974952,0
26,6,0,5,0.7922445034777786,40,4,0.0273721330556057,1
1297,2,2,10,2.0169217146175056,1580,11,0.9431945538974952,1
682,6,5,10,0.1109859944083821,1506,6,0.8884502877862838,1
545,2,1,11,0.056131542645445,1029,6,1.804272708628173,1
869,2,5,10,0.4531790464709804,1212,11,0.9431945538974952,0
182,5,0,9,0.541568197897038,448,10,0.8884502877862838,1
266,6,0,6,0.752454613703058,516,7,0.9431945538974952,0
1205,2,2,10,1.917446990180704,1461,11,0.8884502877862838,1
822,6,0,10,1.7503294531268765,1782,6,0.9431945538974952,0
861,4,0,10,0.7118133300066652,1452,3,0.8884502877862838,0
712,2,5,10,0.2829339143613532,913,6,0.8884502877862838,0
112,6,1,5,1.4925465635128636,212,6,0.8884502877862838,1
788,6,5,10,0.1189439723633262,2845,11,0.8884502877862838,0
110,1,0,3,0.4818833632349569,98,3,0.8884502877862838,0
611,2,1,10,0.1277533442399423,946,6,1.804272708628173,1
925,2,0,10,0.1874381789020234,2155,6,0.9431945538974952,0
569,2,6,10,0.3855362338539552,952,6,1.804272708628173,0
338,0,0,3,0.1834591899245513,283,3,0.9431945538974952,0
51,6,0,10,0.0075322809941081,67,6,0.9431945538974952,0
454,6,0,8,0.0322576087806125,756,11,0.8884502877862838,0
296,0,6,10,0.6887907900635047,222,12,0.9431945538974952,0
314,0,6,10,0.7206227018832814,221,12,0.8884502877862838,0
368,0,0,3,0.4540304403926524,246,3,0.0273721330556057,0
1010,6,5,3,0.7675191756912743,2305,10,0.9431945538974952,0
458,0,5,10,0.597274043581647,869,3,0.9431945538974952,0
122,6,1,10,0.0959214324201657,144,12,0.9431945538974952,0
486,2,1,0,0.3068078482261857,1070,11,0.9431945538974952,0
1253,2,2,10,1.9015310342708156,1541,11,0.8884502877862838,1
28,6,0,7,0.8479503491623878,40,4,0.0273721330556057,1
219,6,0,10,0.2900404983946254,434,11,0.8884502877862838,0
238,5,0,9,0.5535051648294542,365,10,0.9431945538974952,1
235,6,1,10,1.2737021697518995,777,11,0.8884502877862838,1
678,2,5,5,0.9863635694522384,1210,7,0.9431945538974952,0
773,0,2,10,2.669475906922925,1185,11,0.9431945538974952,1
129,0,0,3,0.3545557159558505,162,6,0.9431945538974952,1
632,6,1,6,0.0473221707688289,1250,11,1.804272708628173,0
239,2,0,11,0.5057572970997893,500,9,0.8884502877862838,1
424,6,2,10,0.1158163773075261,1093,12,0.8884502877862838,0
773,2,5,3,0.640191528412168,2012,10,0.9431945538974952,0
212,6,0,10,0.4492000574935084,179,6,0.8884502877862838,1
617,2,6,10,2.4625684800943777,640,6,0.8884502877862838,1
434,2,6,1,0.1715222229921351,432,6,0.8884502877862838,1
107,6,0,10,0.2550809915190487,129,12,0.8884502877862838,0
249,2,6,7,0.958510646609934,332,6,0.9431945538974952,1
295,2,2,10,0.3346607710684902,338,11,0.9431945538974952,1
376,0,2,10,0.5256522419871498,324,11,0.9431945538974952,1
627,2,1,10,0.2550809915190487,1004,6,1.804272708628173,1
761,6,2,10,0.2343346527100163,1319,12,0.8884502877862838,0
1180,2,2,10,2.04477463745981,1464,11,0.9431945538974952,1
213,0,0,3,0.8797822609821643,226,3,1.804272708628173,0
1347,6,2,10,1.9691738468878408,1636,11,0.9431945538974952,1
85,6,0,10,1.2179963240672906,100,1,0.9431945538974952,1
58,2,0,7,0.3187448151586018,50,6,0.9431945538974952,0
1507,6,2,10,1.2211239191230907,1640,11,0.8884502877862838,0
100,1,0,10,0.5097362860772614,102,3,0.8884502877862838,0
623,6,1,11,0.0473221707688289,1042,6,1.804272708628173,1
601,6,0,5,0.2582085865748488,480,11,0.8884502877862838,0
781,6,2,10,0.7237502969390814,1329,11,0.8884502877862838,1
942,5,5,0,0.8232250213758834,2025,10,1.804272708628173,0
278,2,6,10,0.8956982168920526,233,6,0.8884502877862838,1
1064,6,0,10,1.774203386991709,1420,6,0.9431945538974952,0
1299,6,1,10,1.6986025964197395,1914,6,0.9431945538974952,0
619,6,1,10,0.0314062148589406,1105,6,1.804272708628173,1
349,6,1,8,0.4261775175503479,669,11,0.9431945538974952,0
381,6,6,10,0.1834591899245513,862,6,0.9431945538974952,0
1015,5,5,9,0.7038553520517211,1865,0,0.9431945538974952,0
593,1,2,10,2.7251817526075346,1228,6,0.9431945538974952,0
747,6,0,10,0.0592591377012451,1128,11,0.9431945538974952,0
602,6,2,10,0.0362365977580846,1216,12,0.9431945538974952,0
565,6,0,5,0.0083836749157801,482,3,1.804272708628173,0
506,2,5,10,0.163564245037191,780,6,0.9431945538974952,0
924,2,5,11,1.133586161618705,2118,1,0.9431945538974952,1
353,2,0,3,0.6450219113113119,295,3,1.804272708628173,0
689,6,5,10,0.2113121127668558,1406,11,0.9431945538974952,1
1387,2,1,10,0.803330076488523,2282,11,1.804272708628173,0
591,5,1,10,0.4739253852800127,763,11,0.9431945538974952,0
609,2,6,10,2.180060262693861,622,6,0.8884502877862838,1
554,6,2,10,0.1914171678794955,1048,12,0.8884502877862838,0
936,2,5,7,0.377578255899011,2212,10,1.804272708628173,0
288,2,1,10,1.134437555540377,549,11,1.804272708628173,0
483,6,0,8,0.3139144322594578,783,5,0.8884502877862838,0
1163,2,2,10,1.9771318248427847,1554,11,0.8884502877862838,1
18,6,0,7,0.979256985418966,39,4,0.0273721330556057,1
383,6,0,8,0.2820825204396813,748,11,0.9431945538974952,0
104,6,1,5,1.5721263430623051,206,6,0.9431945538974952,1
28,6,1,6,0.6649168561986724,52,12,0.9431945538974952,1
194,6,0,9,0.0473221707688289,397,11,0.9431945538974952,0
232,6,0,6,1.2219753130447626,514,7,0.9431945538974952,1
797,2,5,11,0.4054311787413155,1676,12,0.9431945538974952,1
513,6,2,10,0.0521525536679729,1199,12,0.9431945538974952,0
248,2,1,10,1.1981013791799302,582,11,0.9431945538974952,1
302,6,0,8,0.7405176467706417,533,9,0.8884502877862838,0
89,6,1,5,1.6875170234089951,178,6,0.8884502877862838,1
209,6,0,10,0.4659674073250686,371,11,0.9431945538974952,0
409,6,5,10,0.6728748341536165,654,11,0.9431945538974952,0
116,6,1,5,1.5283574643101123,213,6,0.9431945538974952,1
158,6,1,6,1.3572609382788132,462,7,0.9431945538974952,1
671,6,0,10,0.5765277047726147,1342,3,0.8884502877862838,0
220,5,1,10,1.3055340815716765,658,11,0.8884502877862838,1
794,4,0,10,0.9306577237676292,1471,11,0.9431945538974952,0
570,6,2,10,0.0640895206003891,1188,12,0.8884502877862838,0
223,6,0,10,0.5964226496599752,219,11,0.9431945538974952,1
491,2,5,10,0.1556062670822468,936,11,0.9431945538974952,0
967,6,0,10,0.3457463440792345,2483,6,1.804272708628173,0
580,6,2,10,2.780887598292144,1271,11,0.8884502877862838,0
1336,6,1,10,0.699876363074249,2466,11,0.9431945538974952,0
573,6,1,10,0.1595852560597189,1006,6,1.804272708628173,1
375,6,0,8,0.0680685095778612,764,11,0.8884502877862838,0
1095,6,1,10,0.0473221707688289,2007,11,0.9431945538974952,0
733,6,0,10,0.4611370244259246,1294,3,0.8884502877862838,0
890,2,0,10,2.6495809620355653,2096,11,0.8884502877862838,0
75,6,1,5,1.7949497258007414,187,6,0.9431945538974952,1
623,6,0,10,0.1865867849803515,2476,6,1.804272708628173,0
427,6,2,10,0.2511020025415766,1096,12,0.8884502877862838,0
299,0,6,10,0.5176942640322055,250,12,0.8884502877862838,0
1027,6,0,10,2.211892174513637,2025,11,0.8884502877862838,0
246,2,0,7,0.8232250213758834,351,6,0.8884502877862838,0
631,0,2,10,2.558064215553708,1184,11,0.8884502877862838,1
471,2,6,10,0.1109859944083821,894,6,0.9431945538974952,0
561,6,2,10,0.2073331237893838,1049,12,0.8884502877862838,0
805,2,0,10,0.1467968952056307,2380,6,1.804272708628173,0
952,2,0,10,2.3989046564548246,2024,11,0.9431945538974952,0
822,6,1,10,1.0460484041143194,1510,6,0.9431945538974952,0
2,6,1,6,0.752454613703058,40,12,0.9431945538974952,1
516,2,5,3,0.6688958451761444,865,3,0.8884502877862838,0
710,6,5,10,0.1905657739578236,1398,6,0.9431945538974952,1
557,2,5,10,1.0508787870134637,871,3,0.9431945538974952,0
837,6,0,10,1.7184975413071,1356,11,0.8884502877862838,1
267,0,6,10,0.8121394483651391,219,12,0.9431945538974952,0
498,5,1,10,0.5813580876717588,701,11,0.9431945538974952,0
550,6,0,5,0.1706708290704632,492,11,1.804272708628173,0
665,6,5,10,0.2900404983946254,1541,6,0.9431945538974952,1
43,6,1,6,0.378429649820683,69,12,0.8884502877862838,1
313,2,2,5,0.6450219113113119,323,11,0.9431945538974952,1
623,1,2,10,2.840572432954225,1246,6,0.8884502877862838,0
1471,5,0,10,0.863014911150604,2468,11,0.9431945538974952,0
261,0,0,3,0.163564245037191,233,6,0.9431945538974952,0
501,5,1,10,0.5614631427843984,719,11,0.8884502877862838,0
330,6,0,11,0.1794802009470793,638,7,0.9431945538974952,1
665,6,1,0,0.1666918400929911,1259,11,0.9431945538974952,0
290,2,0,3,0.3465977380009064,455,10,0.8884502877862838,1
566,2,5,11,0.1953961568569676,1302,12,0.9431945538974952,1
800,6,0,10,2.195976218603749,1705,11,0.8884502877862838,1
1130,2,2,10,1.6349387727801863,1351,11,0.8884502877862838,1
249,5,1,7,0.4611370244259246,328,6,0.9431945538974952,0
1316,6,2,10,1.917446990180704,1682,11,0.9431945538974952,1
339,0,6,10,0.5614631427843984,257,12,0.9431945538974952,0
1240,2,0,10,1.0062585143395988,2500,6,1.804272708628173,0
609,6,0,5,0.1507758841831028,530,11,1.804272708628173,0
595,6,1,10,0.0203206418481963,995,6,0.9431945538974952,1
927,2,1,10,1.014216492294543,1220,6,1.804272708628173,0
558,6,5,10,0.537589208919566,751,11,0.8884502877862838,0
1572,6,2,10,1.678707651532379,1866,11,0.9431945538974952,0
645,6,6,10,2.1999552075812208,695,6,0.9431945538974952,1
264,2,0,11,1.0628157539458798,580,12,0.9431945538974952,1
90,6,0,10,0.0322576087806125,167,12,0.8884502877862838,0
23,6,0,7,0.752454613703058,46,4,0.0273721330556057,1
29,6,0,10,0.2152911017443279,61,6,0.8884502877862838,0
535,6,2,11,0.5535051648294542,612,4,0.9431945538974952,1
473,2,1,6,0.0035532920166361,1193,11,1.804272708628173,0
323,0,6,10,0.7484756247255858,262,12,0.8884502877862838,0
44,6,0,5,0.8399923712074435,58,4,0.0273721330556057,1
1106,2,0,10,0.3099354432819858,2523,6,1.804272708628173,0
605,5,1,6,0.2263766747550722,1309,11,1.804272708628173,0
758,2,6,10,1.2012289742357305,1036,11,0.8884502877862838,1
98,6,1,10,0.0521525536679729,129,12,0.9431945538974952,0
496,2,5,11,0.7803075365453624,1208,12,0.9431945538974952,1
1279,6,1,10,1.288766731740116,1635,6,0.8884502877862838,0
613,0,5,3,0.2988498702712415,885,3,0.8884502877862838,0
624,2,1,6,0.1197953662849981,1204,11,0.9431945538974952,0
338,2,0,11,0.2820825204396813,570,6,0.9431945538974952,0
160,0,0,3,0.5216732530096777,135,3,0.8884502877862838,1
370,6,0,11,0.0800054765102774,676,7,0.8884502877862838,1
166,2,1,6,1.412966783963422,452,7,0.9431945538974952,1
981,6,0,10,2.1999552075812208,2019,11,0.8884502877862838,0
733,6,6,10,1.7980773208565417,1392,11,0.9431945538974952,1
81,1,0,7,0.0592591377012451,43,6,0.8884502877862838,0
1158,2,1,10,0.7874141205786347,2546,11,1.804272708628173,0
776,0,2,10,2.112417450076835,1203,11,0.8884502877862838,1
416,6,5,11,0.2789549253838811,1091,12,0.9431945538974952,1
1016,6,5,10,0.373599266921539,2859,11,0.0273721330556057,0
756,6,0,10,0.3815572448764831,1291,11,0.9431945538974952,0
295,2,6,10,0.7086857349508652,287,6,0.9431945538974952,1
49,2,1,6,0.5813580876717588,51,12,0.9431945538974952,1
1638,5,0,10,1.0460484041143194,2554,11,0.9431945538974952,0
844,2,5,11,0.1826077960028794,1530,10,0.9431945538974952,1
458,2,6,10,0.2502506086199046,912,6,0.9431945538974952,0
589,6,2,10,2.848530410909169,1292,11,0.9431945538974952,0
190,5,1,10,1.2458492469095952,695,11,0.8884502877862838,1
736,2,0,10,1.8736781114285108,1277,11,0.9431945538974952,1
74,6,0,10,1.0548577759909357,132,6,0.9431945538974952,1
168,2,0,11,1.3890928500985895,431,12,0.9431945538974952,1
769,6,0,10,0.3178934212369299,2399,6,1.804272708628173,0
339,6,6,7,0.7197713079616094,328,8,0.9431945538974952,1
63,6,0,10,1.4089877949859502,83,1,0.8884502877862838,1
506,6,5,11,0.2073331237893838,842,11,0.8884502877862838,0
802,2,5,11,0.321872410214402,2053,1,0.9431945538974952,1
300,6,0,6,0.5853370766492308,574,1,1.804272708628173,0
135,6,1,10,0.0521525536679729,129,12,0.9431945538974952,0
860,2,5,10,0.2104607188451839,2878,11,0.0273721330556057,0
517,6,0,5,0.1595852560597189,485,11,0.8884502877862838,0
159,0,0,3,0.5256522419871498,143,6,0.9431945538974952,1
309,0,6,10,0.6808328121085606,219,12,0.8884502877862838,0
271,2,0,8,0.3664926828882667,582,9,0.9431945538974952,1
949,5,5,9,0.7317082748940257,2229,0,1.804272708628173,0
22,6,1,6,0.6808328121085606,35,7,0.9431945538974952,1
807,2,1,10,0.5486747819303103,1375,6,0.9431945538974952,0
566,2,5,11,0.2303556637325443,1314,12,0.9431945538974952,1
1277,5,5,9,1.3723255002670296,2180,10,0.9431945538974952,0
233,6,0,7,0.2582085865748488,205,11,0.9431945538974952,1
760,2,5,11,0.2670179584514649,1487,1,0.9431945538974952,1
643,6,0,10,0.2184186968001281,1191,3,0.8884502877862838,0
91,6,1,5,1.7511808470485486,191,6,0.8884502877862838,1
1470,6,2,10,1.4638422467488872,1680,11,0.8884502877862838,0
98,6,1,10,0.0441945757130287,143,12,0.8884502877862838,0
701,6,0,10,2.3829887005449364,2199,11,0.8884502877862838,0
116,1,0,10,0.5495261758519822,91,3,0.9431945538974952,0
915,6,1,10,1.2808087537851718,1400,6,0.9431945538974952,0
358,6,0,11,0.2511020025415766,719,7,0.9431945538974952,1
200,2,0,7,0.0393641928138847,261,6,0.8884502877862838,0
405,0,2,3,0.2312070576542162,575,7,0.8884502877862838,1
1583,6,0,10,1.1455231285511214,2402,11,0.9431945538974952,0
71,1,0,3,0.4739253852800127,80,3,0.9431945538974952,0
1029,2,1,10,0.3974732007863714,2430,11,1.804272708628173,0
683,2,5,11,0.2184186968001281,1677,12,0.9431945538974952,1
95,6,0,10,0.004404685938308,174,12,0.8884502877862838,0
695,2,5,11,0.1865867849803515,1952,1,0.9431945538974952,1
70,2,0,10,0.1348599282732145,55,6,0.9431945538974952,0
487,6,6,10,0.2542295975973768,913,6,0.9431945538974952,0
225,2,1,10,1.3333870044139808,662,11,0.8884502877862838,1
15,6,0,7,0.9951729413288544,40,4,0.0273721330556057,1
524,5,1,10,0.6967487680184489,734,11,0.8884502877862838,0
561,6,1,10,0.541568197897038,986,6,0.9431945538974952,1
334,2,6,5,0.2908918923162973,468,12,0.8884502877862838,1
355,6,0,11,0.158733862138047,526,6,0.0273721330556057,0
717,4,2,10,1.125628183663761,1746,11,0.8884502877862838,1
17,6,1,6,0.8200974263200832,32,12,0.9431945538974952,1
1042,6,0,10,1.5633169711856891,1759,11,0.8884502877862838,0
431,6,0,10,0.1467968952056307,506,6,0.0273721330556057,0
91,6,1,10,0.0800054765102774,161,12,0.8884502877862838,0
382,0,6,10,0.3585347049333226,265,12,0.8884502877862838,0
239,2,0,9,0.5535051648294542,480,10,0.8884502877862838,1
390,6,0,11,0.0879634544652216,639,7,0.8884502877862838,1
101,6,1,5,1.8068866927331573,168,6,0.9431945538974952,1
256,6,0,11,1.233912279977179,501,7,0.9431945538974952,1
606,0,2,10,2.359114766680104,1115,11,0.9431945538974952,1
653,5,1,0,0.0751750936111334,1187,11,0.9431945538974952,0
1062,6,0,10,1.1574600954835377,1346,6,1.804272708628173,0
194,2,6,10,1.0349628311035752,204,6,0.9431945538974952,1
874,2,6,10,1.9811108138202569,1183,11,0.9431945538974952,1
707,0,2,10,2.438694546229545,1167,11,0.9431945538974952,1
916,5,5,9,0.2621875755523209,2030,10,1.804272708628173,0
788,2,0,10,1.925404968135648,1287,11,0.9431945538974952,1
360,6,6,7,0.8789308670604924,380,8,0.9431945538974952,1
842,6,0,10,1.3603885333346133,1487,6,0.9431945538974952,0
121,6,1,5,1.8108656817106297,181,6,0.9431945538974952,1
197,6,0,10,0.162712851115519,206,6,0.8884502877862838,1
392,2,0,3,0.2869129033388253,305,3,0.0273721330556057,0
26,6,0,11,1.046899798035991,20,12,0.8884502877862838,1
740,4,2,10,0.3338093771468182,1172,11,0.9431945538974952,1
931,5,5,7,0.6760024292094166,1995,10,0.9431945538974952,0
321,0,6,10,0.5455471868745101,226,12,0.8884502877862838,0
574,0,2,3,0.6521284953445842,779,7,0.8884502877862838,1
230,0,6,10,0.8956982168920526,206,12,0.9431945538974952,0
445,6,2,11,0.0720474985553333,495,7,0.8884502877862838,1
541,6,5,11,0.5734001097168147,779,11,0.9431945538974952,0
327,0,6,10,0.6092110105140632,243,12,0.9431945538974952,0
741,6,6,10,1.1693970624159538,973,11,0.9431945538974952,1
590,6,2,10,0.2789549253838811,1254,11,0.9431945538974952,0
278,6,1,10,1.353281949301341,351,11,0.9431945538974952,0
49,6,0,10,1.1662694673601537,112,1,0.8884502877862838,1
458,2,5,3,0.2829339143613532,945,3,0.8884502877862838,0
429,6,1,8,0.3426187490234343,734,9,0.8884502877862838,0
97,1,0,10,0.4221985285728758,88,3,0.9431945538974952,0
824,2,5,3,0.0800054765102774,1695,10,0.9431945538974952,0
962,5,5,9,1.0022795253621266,1993,0,0.9431945538974952,0
608,5,1,6,0.382408638798155,1184,11,1.804272708628173,0
581,2,5,3,0.4261775175503479,963,3,0.8884502877862838,0
386,6,0,11,0.0919424434426936,632,7,0.9431945538974952,1
347,0,6,10,0.649000900288784,260,12,0.9431945538974952,0
208,6,0,10,0.4213471346512039,211,11,0.9431945538974952,1
593,6,2,10,0.6879393961418329,1136,11,0.9431945538974952,1
586,2,1,6,0.3178934212369299,1246,11,0.9431945538974952,0
309,2,0,9,0.4739253852800127,376,10,0.9431945538974952,1
1068,6,1,10,0.9266787347901572,2592,11,0.9431945538974952,0
131,0,0,3,0.3545557159558505,147,6,0.8884502877862838,1
838,6,0,10,0.4412420795385642,2400,6,0.9431945538974952,0
218,2,1,10,1.3373659933914528,667,11,0.8884502877862838,1
608,6,2,10,0.1993751458344396,1151,12,0.9431945538974952,0
325,6,6,7,0.8431199662632437,347,8,0.8884502877862838,1
888,6,0,10,0.4770529803358129,2476,6,1.804272708628173,0
311,0,2,10,0.7723495585904183,259,11,0.8884502877862838,1
100,6,0,10,0.0362365977580846,160,12,0.9431945538974952,0
446,2,1,11,0.2590599804965208,878,6,0.9431945538974952,1
408,6,0,11,0.0990490274759658,797,7,0.8884502877862838,1
270,0,6,10,0.7206227018832814,236,12,0.9431945538974952,0
373,2,5,10,0.8678452940497481,613,11,0.8884502877862838,0
446,0,0,3,0.1706708290704632,385,3,1.804272708628173,0
708,6,0,10,1.149502117528593,1236,3,0.9431945538974952,0
215,6,0,9,0.1197953662849981,422,11,0.9431945538974952,0
586,1,2,10,2.8246564770443365,1216,6,0.8884502877862838,0
255,6,0,1,0.7604125916580021,596,7,0.9431945538974952,0
621,2,5,11,0.1388389172506866,1529,12,0.9431945538974952,1
590,6,2,10,2.570001182486124,1159,11,0.8884502877862838,0
1596,6,2,10,1.3484515664021972,1680,11,0.9431945538974952,0
359,2,6,11,0.6927697790409768,252,6,0.8884502877862838,1
724,2,0,10,2.0766065492795867,1393,11,0.9431945538974952,1
513,6,2,4,0.1189439723633262,697,7,0.9431945538974952,1
81,6,0,10,0.1794802009470793,45,6,0.9431945538974952,0
586,2,1,11,0.274975936406409,973,6,1.804272708628173,1
571,5,1,10,0.3346607710684902,697,11,0.8884502877862838,0
698,2,5,11,1.5951488830054656,1333,6,0.9431945538974952,0
437,6,1,8,0.0800054765102774,657,9,0.9431945538974952,0
838,6,6,10,1.5792329270955774,1100,11,0.8884502877862838,1
574,2,1,11,0.1229229613407983,1100,6,0.9431945538974952,1
297,2,6,11,0.5137152750547335,274,6,0.9431945538974952,1
203,0,0,8,0.3545557159558505,565,12,0.8884502877862838,1
566,6,6,10,3.087269749557493,711,6,0.8884502877862838,1
391,6,0,11,0.0203206418481963,550,7,0.9431945538974952,0
122,1,0,10,0.4102615616404595,107,3,0.8884502877862838,0
779,6,0,10,0.4850109582907571,2324,6,0.9431945538974952,0
698,2,5,10,0.0632381266787172,974,6,0.8884502877862838,0
914,2,5,11,0.8152670434209391,2189,1,0.9431945538974952,1
365,6,1,8,0.1317323332174144,648,9,0.8884502877862838,0
605,0,5,10,0.2550809915190487,965,3,0.9431945538974952,0
385,6,2,10,0.2073331237893838,1099,11,0.9431945538974952,0
233,2,1,6,1.070773731900824,551,7,0.9431945538974952,1
210,6,0,10,0.1666918400929911,434,11,0.9431945538974952,0
740,2,6,10,3.278261220476153,715,6,0.8884502877862838,1
324,2,6,11,0.3585347049333226,238,6,0.8884502877862838,1
56,6,0,10,1.3095130705491482,86,6,0.8884502877862838,1
300,6,0,9,0.2979984763495695,433,11,0.8884502877862838,0
1140,6,0,10,2.4625684800943777,1664,11,0.9431945538974952,0
418,0,2,10,0.3625136939107947,325,11,0.9431945538974952,1
225,2,1,7,0.163564245037191,317,6,0.9431945538974952,0
487,6,1,6,0.5853370766492308,1020,11,0.9431945538974952,0
632,6,6,10,0.5765277047726147,993,6,1.804272708628173,0
236,2,0,11,0.3625136939107947,589,9,0.9431945538974952,1
596,6,5,11,0.274975936406409,1170,12,0.9431945538974952,1
1268,5,0,10,0.9465736796775176,2379,11,1.804272708628173,0
1753,6,0,10,0.5208218590880057,2540,11,1.804272708628173,0
125,6,1,5,1.4288827398733106,229,6,0.8884502877862838,1
302,2,6,7,1.022174470249487,354,6,0.8884502877862838,1
29,6,0,7,0.808160459387667,41,4,0.8884502877862838,1
352,2,6,11,0.4221985285728758,233,6,0.8884502877862838,1
503,6,1,8,0.0839844654877495,710,5,0.8884502877862838,0
439,2,5,3,0.7365386577931696,649,11,0.9431945538974952,0
269,6,0,6,1.186164412247514,556,12,0.9431945538974952,1
527,5,1,10,0.649000900288784,760,11,0.8884502877862838,0
528,6,2,4,0.4173681456737318,785,4,0.8884502877862838,1
108,1,0,10,0.434135495505292,92,3,0.8884502877862838,0
742,4,0,10,0.5805066937500868,1387,11,0.9431945538974952,0
969,5,5,0,0.10700700543091,1808,0,0.9431945538974952,0
203,0,0,11,0.5336102199420939,524,9,0.8884502877862838,1
401,6,5,10,0.6967487680184489,729,11,0.8884502877862838,0
699,6,5,3,0.2670179584514649,1687,10,1.804272708628173,0
776,5,5,3,0.4133891566962597,2140,10,0.9431945538974952,0
459,0,0,3,0.2741245424847371,353,6,0.0273721330556057,0
205,2,0,6,1.0548577759909357,539,7,0.9431945538974952,1
785,6,1,6,0.2590599804965208,1150,11,1.804272708628173,0
265,2,6,11,0.9514040625766615,228,6,0.9431945538974952,1
769,6,6,10,1.237039875032979,911,11,0.8884502877862838,1
101,6,1,5,1.7392438801161323,205,6,0.9431945538974952,1
1216,6,2,10,1.925404968135648,1395,11,0.8884502877862838,1
507,2,6,10,0.4850109582907571,972,6,1.804272708628173,0
207,2,1,6,1.1503535114502654,490,12,0.9431945538974952,1
242,2,1,7,1.0858382938890403,399,6,0.9431945538974952,0
349,5,0,3,0.4062825726629875,465,10,0.8884502877862838,1
394,2,5,11,0.382408638798155,1219,12,0.9431945538974952,1
734,2,5,10,0.0791540825886055,1073,6,0.8884502877862838,0
1443,6,2,10,1.3404935884472529,1589,11,0.8884502877862838,0
527,6,1,10,0.1357113221948865,1012,6,1.804272708628173,1
604,1,2,10,2.6257070281707326,1304,6,0.8884502877862838,0
31,6,0,7,0.752454613703058,47,4,0.0273721330556057,1
496,6,2,10,0.0154902589490523,1162,12,0.9431945538974952,0
918,6,5,3,0.7396662528489698,2088,10,1.804272708628173,0
400,6,0,11,0.274975936406409,595,7,0.8884502877862838,1
440,6,2,3,0.5137152750547335,468,7,0.8884502877862838,1
859,2,0,10,2.024879692572449,1390,11,0.9431945538974952,1
359,2,6,11,0.485862352212429,364,12,0.9431945538974952,1
492,6,5,3,0.5137152750547335,699,11,0.9431945538974952,0
136,0,0,3,0.5017783081223173,130,3,0.9431945538974952,1
1422,6,1,10,0.6481495063671121,2294,11,0.9431945538974952,0
27,6,0,7,0.8479503491623878,44,4,0.8884502877862838,1
850,6,0,10,1.7383924861944604,1422,11,0.8884502877862838,1
475,2,5,10,0.5535051648294542,805,6,0.8884502877862838,0
738,2,0,10,1.6986025964197395,1357,11,0.8884502877862838,1
600,6,5,11,0.1547548731605749,1305,12,0.9431945538974952,1
533,5,1,10,0.5137152750547335,699,11,0.8884502877862838,0
452,5,1,10,0.9394670956442456,735,11,0.9431945538974952,0
735,2,6,10,1.3046826876500044,930,11,0.8884502877862838,1
1078,5,1,10,0.4253261236286759,2268,11,1.804272708628173,0
581,0,2,10,2.191997229626277,1077,11,0.9431945538974952,1
433,6,0,11,0.0075322809941081,714,7,0.8884502877862838,1
365,6,0,11,0.1476482891273027,599,7,0.9431945538974952,1
172,0,0,3,0.6291059554014237,110,3,0.8884502877862838,1
1332,5,5,9,0.8908678339929086,2176,10,0.9431945538974952,0
470,6,5,11,0.167543234014663,1220,12,0.9431945538974952,1
189,2,0,7,0.4332841015836201,360,6,0.8884502877862838,0
107,1,0,3,0.3863876277756271,103,3,0.8884502877862838,0
653,6,5,3,0.4412420795385642,2054,10,1.804272708628173,0
311,2,0,11,0.0959214324201657,482,7,1.804272708628173,0
567,6,0,5,0.0521525536679729,483,3,0.9431945538974952,0
1533,2,0,10,0.695897374096777,2437,11,1.804272708628173,0
941,2,5,9,0.5446957929528382,2129,10,1.804272708628173,0
1024,2,1,10,0.7794561426236906,1420,6,0.8884502877862838,0
638,6,5,8,0.1953961568569676,1626,11,0.9431945538974952,1
389,0,2,10,0.5893160656267029,315,11,0.9431945538974952,1
347,6,1,10,0.8678452940497481,622,11,0.9431945538974952,0
1668,5,0,10,1.2131659411681466,2449,11,0.9431945538974952,0
762,2,5,11,0.3178934212369299,1715,10,0.9431945538974952,1
581,6,6,10,0.536737814997894,882,6,0.9431945538974952,0
483,5,1,0,0.4221985285728758,1090,11,1.804272708628173,0
20,6,1,6,0.5574841538069263,53,7,0.8884502877862838,1
229,6,0,1,0.9474250735991896,572,1,1.804272708628173,0
135,0,0,3,0.4221985285728758,140,3,0.8884502877862838,1
397,6,1,8,0.3696202779440669,830,9,0.8884502877862838,0
649,2,6,10,0.2303556637325443,846,6,1.804272708628173,0
489,2,5,10,0.3107868372036577,865,11,0.9431945538974952,0
771,6,0,10,2.180060262693861,1477,11,0.9431945538974952,1
1310,6,0,10,0.3417673551017623,2068,11,1.804272708628173,0
257,2,0,11,0.5455471868745101,594,9,0.9431945538974952,1
207,0,0,3,0.4062825726629875,159,6,0.9431945538974952,1
20,2,1,6,0.6052320215365912,49,12,0.9431945538974952,1
231,5,0,7,0.2582085865748488,331,6,0.9431945538974952,0
24,6,0,7,0.9474250735991896,40,4,0.8884502877862838,1
596,2,1,6,0.2630389694739928,1196,11,0.9431945538974952,0
318,0,6,10,0.5813580876717588,234,12,0.9431945538974952,0
534,6,2,4,0.3497253330567065,659,7,0.8884502877862838,1
25,6,0,7,0.8519293381398598,38,4,0.8884502877862838,1
771,2,5,7,0.2462716196424326,1754,10,1.804272708628173,0
187,6,0,10,0.270145553507265,195,6,0.9431945538974952,1
398,6,1,8,0.1706708290704632,665,5,0.9431945538974952,0
384,6,0,11,0.1595852560597189,641,7,0.8884502877862838,1
1110,6,0,10,0.1905657739578236,2435,6,0.9431945538974952,0
222,2,0,8,0.4301565065278199,457,12,0.8884502877862838,1
827,0,2,10,2.9917740140981635,1243,11,0.8884502877862838,1
58,6,0,7,0.2073331237893838,46,6,0.9431945538974952,0
715,2,5,5,1.3046826876500044,1205,7,0.9431945538974952,0
321,2,6,11,0.5455471868745101,308,6,0.9431945538974952,1
538,6,1,10,0.652979889266256,862,6,1.804272708628173,1
885,2,0,10,0.0282786198031404,2275,6,1.804272708628173,0
301,0,6,10,0.652979889266256,266,12,0.8884502877862838,0
609,0,5,3,0.3505767269783785,982,3,0.9431945538974952,0
540,6,0,5,0.0999004213976378,459,11,0.9431945538974952,0
10,6,0,11,1.070773731900824,27,11,0.9431945538974952,1
23,6,1,6,0.5574841538069263,47,12,0.9431945538974952,1
381,2,2,10,0.4818833632349569,300,11,0.8884502877862838,1
678,2,5,9,0.0234482369039964,1501,0,0.9431945538974952,0
589,6,6,10,3.767676864705218,706,6,0.8884502877862838,1
646,6,5,8,0.2184186968001281,1661,11,0.9431945538974952,1
581,6,1,10,0.3545557159558505,919,6,0.9431945538974952,1
584,1,2,10,2.6018330943059005,1202,6,0.9431945538974952,0
327,6,1,10,1.0588367649684076,471,11,0.9431945538974952,0
84,1,0,7,0.1229229613407983,68,6,0.9431945538974952,0
528,2,0,11,0.5765277047726147,547,7,0.9431945538974952,0
229,6,1,11,1.2697231807744276,550,12,0.9431945538974952,1
626,0,2,10,2.9201522125036665,1133,11,0.8884502877862838,1
714,6,5,8,0.3537043220341786,1623,11,0.8884502877862838,1
417,2,0,3,0.1078583993525819,295,3,0.0273721330556057,0
329,6,1,8,0.1277533442399423,567,5,0.8884502877862838,0
741,2,5,7,0.2979984763495695,1822,10,0.9431945538974952,0
820,2,5,11,0.7913931095561068,1898,12,0.9431945538974952,1
117,6,1,5,1.5840633099947214,207,6,0.9431945538974952,1
345,0,6,10,0.7007277569959209,232,12,0.8884502877862838,0
81,1,0,3,0.6251269664239516,92,3,0.9431945538974952,0
889,6,5,10,0.4730739913583408,3254,11,0.8884502877862838,0
671,4,0,10,0.0999004213976378,1114,11,0.9431945538974952,0
782,0,2,10,3.0912487385349654,1308,11,0.8884502877862838,1
592,6,2,10,0.0879634544652216,1217,11,0.9431945538974952,0
483,6,2,11,0.4969479252231732,739,12,0.9431945538974952,1
397,6,5,11,0.6688958451761444,631,11,0.8884502877862838,0
465,6,0,11,0.0521525536679729,693,7,0.8884502877862838,1
297,0,6,10,0.4898413411899011,252,12,0.9431945538974952,0
572,6,6,10,2.510316347824043,605,6,0.8884502877862838,1
229,2,6,10,0.7763285475678904,232,6,0.8884502877862838,1
694,6,2,10,2.58193814941854,1301,11,0.9431945538974952,0
270,2,1,10,1.1503535114502654,603,11,0.9431945538974952,1
554,6,2,10,0.0282786198031404,1198,12,0.8884502877862838,0
398,2,5,11,0.5495261758519822,1132,12,0.9431945538974952,1
585,0,5,3,0.6131899994915354,908,3,0.8884502877862838,0
1354,6,0,10,1.149502117528593,2491,11,1.804272708628173,0
742,0,2,10,2.7132447856751183,1245,11,0.9431945538974952,1
562,5,1,10,0.5893160656267029,763,11,0.9431945538974952,0
27,6,0,11,0.979256985418966,21,11,0.8884502877862838,1
605,0,5,10,0.485862352212429,985,3,0.8884502877862838,0
384,0,6,10,0.3943456057305713,294,12,0.8884502877862838,0
861,6,0,10,1.4121153900417502,1477,6,0.9431945538974952,0
20,6,0,5,0.7604125916580021,53,4,0.0273721330556057,1
334,0,6,10,0.4977993191448452,323,12,0.9431945538974952,0
604,2,5,10,0.111837388330054,883,11,0.8884502877862838,0
619,6,1,11,0.5017783081223173,949,6,1.804272708628173,1
793,6,2,10,1.18133402934837,1661,11,0.8884502877862838,1
561,5,1,10,0.5336102199420939,755,11,0.8884502877862838,0
107,6,1,10,0.5137152750547335,113,12,0.8884502877862838,0
224,2,0,6,1.3254290264590365,504,12,0.9431945538974952,1
1227,6,2,10,1.8219512547213736,1368,11,0.9431945538974952,1
696,5,5,9,0.2184186968001281,1772,10,1.804272708628173,0
861,2,5,9,0.7356872638714977,2085,10,0.9431945538974952,0
748,5,5,0,0.8152670434209391,2029,0,1.804272708628173,0
306,2,1,10,0.8479503491623878,576,11,0.9431945538974952,0
218,6,0,10,0.6799814181868887,194,6,0.9431945538974952,1
252,5,1,10,1.1702484563376256,772,11,0.8884502877862838,1
181,6,0,10,0.1874381789020234,192,11,0.8884502877862838,1
123,0,0,3,0.4779043742574848,143,6,0.8884502877862838,1
655,2,5,11,0.8391409772857716,1173,7,0.9431945538974952,0
588,2,6,10,2.975858058188275,758,6,0.8884502877862838,1
1216,2,2,10,1.9492789020004804,1503,11,0.8884502877862838,1
63,6,0,10,1.1981013791799302,116,1,0.9431945538974952,1
280,2,0,11,0.3346607710684902,633,9,0.8884502877862838,1
477,2,5,11,0.0910910495210217,1294,12,0.9431945538974952,1
560,6,1,11,0.2948708812937694,921,6,1.804272708628173,1
1000,2,0,10,2.1203754280317795,1618,11,0.8884502877862838,1
659,6,2,10,0.0035532920166361,1331,11,0.8884502877862838,0
532,0,2,11,1.022174470249487,835,7,0.8884502877862838,1
36,6,1,6,0.7365386577931696,46,12,0.8884502877862838,1
428,6,2,11,0.4850109582907571,645,4,0.9431945538974952,1
85,1,0,10,0.2550809915190487,110,3,0.8884502877862838,0
68,6,0,7,0.3664926828882667,52,6,0.9431945538974952,0
166,5,1,7,0.7436452418264419,293,6,0.9431945538974952,0
92,1,0,10,0.5256522419871498,104,3,0.8884502877862838,0
1520,2,1,10,1.6389177617576585,2530,11,1.804272708628173,0
742,2,5,10,0.3855362338539552,3031,11,0.0273721330556057,0
197,0,0,3,0.4102615616404595,145,3,0.9431945538974952,1
98,6,0,10,0.163564245037191,118,12,0.8884502877862838,0
280,0,0,8,0.382408638798155,607,9,0.9431945538974952,1
107,1,0,3,0.6012530325591191,77,3,0.8884502877862838,0
718,2,5,11,1.1375651505961772,1249,7,0.9431945538974952,0
766,2,5,11,0.5566327598852544,1641,12,0.9431945538974952,1
490,6,5,3,0.8479503491623878,624,11,0.8884502877862838,0
791,6,2,10,1.4638422467488872,1878,11,0.8884502877862838,1
228,6,1,10,1.3095130705491482,713,11,0.9431945538974952,1
1372,6,2,10,1.0420694151368477,1656,11,0.8884502877862838,0
560,2,6,10,0.5924436606825031,984,6,1.804272708628173,0
180,6,0,7,0.0959214324201657,177,11,0.9431945538974952,1
493,2,1,6,0.2590599804965208,1157,11,1.804272708628173,0
74,1,0,3,0.7007277569959209,52,3,0.9431945538974952,0
323,6,0,11,0.1269019503182704,439,6,0.9431945538974952,0
730,5,1,0,0.4412420795385642,1256,11,1.804272708628173,0
564,6,6,10,2.414820612364713,597,6,0.9431945538974952,1
519,0,2,11,0.214439707822656,677,4,0.8884502877862838,1
20,6,0,11,1.019046875193687,28,12,0.9431945538974952,1
594,6,6,10,2.7291607415850065,696,6,0.8884502877862838,1
622,5,5,0,0.2829339143613532,1714,10,1.804272708628173,0
803,6,5,10,0.2033541348119117,1817,11,0.9431945538974952,1
464,6,0,11,0.6848118010860327,313,7,0.9431945538974952,0
302,2,1,10,0.971299007464022,629,11,1.804272708628173,0
455,2,5,3,0.6768538231310886,903,3,0.8884502877862838,0
963,5,5,7,0.7953720985335788,2017,10,0.9431945538974952,0
462,6,0,11,0.056131542645445,603,7,0.8884502877862838,1
426,2,6,11,0.3664926828882667,295,6,0.9431945538974952,1
773,2,5,10,0.0282786198031404,922,6,0.9431945538974952,0
1305,6,2,10,2.0169217146175056,1345,11,0.9431945538974952,1
545,0,5,10,0.5773790986942867,935,3,0.9431945538974952,0
582,2,6,10,2.975858058188275,660,6,0.8884502877862838,1
532,6,6,10,0.0990490274759658,880,6,1.804272708628173,0
353,0,6,10,0.2789549253838811,273,12,0.8884502877862838,0
385,6,0,6,0.2869129033388253,658,1,0.8884502877862838,0
855,5,5,0,0.2383136416874884,2113,10,1.804272708628173,0
455,6,0,11,0.3107868372036577,442,7,0.9431945538974952,0
566,6,0,5,0.2272280686767442,412,11,0.8884502877862838,0
698,0,2,10,3.381714933890427,1311,11,0.8884502877862838,1
210,2,0,7,0.2113121127668558,267,6,0.9431945538974952,0
798,2,0,10,1.5991278719829378,1522,11,0.9431945538974952,0
836,6,5,10,0.2064817298677118,1613,6,0.8884502877862838,1
706,2,5,11,0.2351860466316883,1310,12,0.9431945538974952,1
380,6,5,10,0.8360133822299715,628,11,0.9431945538974952,0
583,6,0,5,0.0154902589490523,408,11,1.804272708628173,0
628,6,5,8,0.4261775175503479,1248,6,0.8884502877862838,1
738,2,1,6,0.0632381266787172,1226,11,1.804272708628173,0
229,2,1,10,1.1941223902024585,532,11,0.9431945538974952,0
336,2,6,11,0.5574841538069263,458,6,0.8884502877862838,1
707,2,5,11,0.9465736796775176,1171,7,0.9431945538974952,0
713,6,1,0,0.111837388330054,1316,11,1.804272708628173,0
830,2,0,10,0.8550569331956599,2400,6,1.804272708628173,0
123,2,1,11,1.6437481446568023,374,12,0.9431945538974952,1
401,6,0,11,0.158733862138047,793,7,0.9431945538974952,1
231,6,0,10,0.2391650356091604,499,6,0.0273721330556057,0
431,6,5,11,0.1914171678794955,1257,12,0.9431945538974952,1
333,2,2,10,0.8718242830272201,278,11,0.8884502877862838,1
19,2,1,6,0.9553830515541336,44,12,0.9431945538974952,1
817,2,5,11,0.056131542645445,1297,10,0.9431945538974952,1
424,6,0,10,0.167543234014663,492,7,0.9431945538974952,0
299,0,2,10,0.6848118010860327,285,11,0.9431945538974952,1
588,2,5,5,0.9306577237676292,1107,7,0.9431945538974952,0
572,6,5,3,0.6768538231310886,748,11,0.8884502877862838,0
15,6,0,11,1.023025864171159,26,12,0.9431945538974952,1
339,0,6,10,0.5734001097168147,304,12,0.9431945538974952,0
1544,5,1,10,1.0062585143395988,2420,11,0.9431945538974952,0
932,6,0,10,0.1755012119696072,2293,6,1.804272708628173,0
662,6,0,5,0.1706708290704632,429,3,0.8884502877862838,0
529,2,6,10,2.7172237746525907,607,6,0.9431945538974952,1
828,2,5,5,1.3802834782219735,1353,6,0.9431945538974952,0
802,2,5,10,0.3585347049333226,854,6,0.9431945538974952,0
669,4,0,10,0.0154902589490523,1213,11,0.8884502877862838,0
328,2,2,5,0.7086857349508652,299,11,0.9431945538974952,1
611,6,0,10,0.8948468229703807,651,7,0.0273721330556057,0
16,6,0,11,1.0150678862162148,20,12,0.9431945538974952,1
252,0,6,10,0.6609378672212003,258,12,0.9431945538974952,0
49,6,0,10,1.2100383461123465,95,1,0.8884502877862838,1
292,0,6,10,0.7086857349508652,235,12,0.9431945538974952,0
100,1,0,10,0.3664926828882667,102,3,0.8884502877862838,0
326,0,6,10,0.597274043581647,272,12,0.8884502877862838,0
331,6,5,8,0.7086857349508652,1142,6,0.8884502877862838,1
586,6,5,11,0.004404685938308,1131,12,0.9431945538974952,1
34,2,1,6,0.6012530325591191,39,12,0.8884502877862838,1
304,0,6,10,0.7126647239283372,250,12,0.9431945538974952,0
303,5,1,10,1.186164412247514,735,11,0.8884502877862838,1
377,6,5,3,1.182185423270042,518,11,0.8884502877862838,0
288,5,1,10,1.253807224864539,688,11,0.9431945538974952,1
672,6,0,10,1.1455231285511214,1671,11,0.8884502877862838,0
1513,6,2,10,1.6031068609604098,1759,11,0.9431945538974952,0
151,6,0,9,0.1237743552624702,373,11,0.9431945538974952,0
124,6,1,5,1.512441508400224,194,6,0.9431945538974952,1
430,6,1,8,0.0242996308256684,704,11,0.9431945538974952,0
481,2,5,11,0.0791540825886055,1320,1,0.9431945538974952,1
271,2,1,10,1.2498282358870672,681,11,0.8884502877862838,1
543,6,5,8,0.1914171678794955,1328,11,0.8884502877862838,1
724,2,0,10,0.429305112606148,2537,6,0.9431945538974952,0
1548,2,0,10,1.4638422467488872,2456,11,1.804272708628173,0
520,5,1,6,0.2303556637325443,1270,11,1.804272708628173,0
727,2,5,9,0.2343346527100163,1882,10,1.804272708628173,0
688,6,0,10,1.7861403539241252,1197,11,0.8884502877862838,1
287,0,6,10,0.6211479774464795,254,12,0.9431945538974952,0
30,6,0,11,1.0628157539458798,18,12,0.9431945538974952,1
430,6,0,5,0.3147658261811298,469,3,0.9431945538974952,0
363,6,0,11,0.0075322809941081,666,7,0.9431945538974952,1
792,2,0,10,1.5991278719829378,1319,11,0.8884502877862838,1
683,2,5,10,0.1786288070254073,1009,11,0.8884502877862838,0
438,6,0,8,0.0353852038364127,681,5,0.8884502877862838,0
1575,6,2,10,1.5712749491406333,1696,11,0.8884502877862838,0
99,1,0,3,0.5535051648294542,72,3,0.9431945538974952,0
586,6,5,8,0.0910910495210217,1492,11,0.9431945538974952,1
522,6,5,10,0.7325596688156976,690,11,0.9431945538974952,0
115,6,1,5,1.783012758868325,182,6,0.8884502877862838,1
563,6,0,5,0.0083836749157801,430,3,0.9431945538974952,0
263,2,0,8,0.5614631427843984,552,12,0.9431945538974952,1
761,2,5,11,0.0154902589490523,1789,10,0.9431945538974952,1
660,5,1,10,0.378429649820683,836,11,0.9431945538974952,0
585,5,1,10,0.4739253852800127,715,11,0.9431945538974952,0
743,2,5,11,0.4253261236286759,1882,10,0.9431945538974952,1
818,6,0,10,0.1078583993525819,2228,6,1.804272708628173,0
446,2,6,5,0.373599266921539,488,12,0.9431945538974952,1
433,2,1,11,0.5773790986942867,773,6,1.804272708628173,1
969,6,0,10,1.9771318248427847,1897,11,0.9431945538974952,0
18,2,1,6,0.2272280686767442,63,12,0.8884502877862838,1
539,2,5,11,0.8391409772857716,1015,7,0.9431945538974952,0
122,6,1,10,0.0831330715660775,192,12,0.8884502877862838,0
943,6,0,10,0.2908918923162973,2389,6,1.804272708628173,0
38,6,1,6,0.2869129033388253,58,12,0.9431945538974952,1
1210,2,0,10,2.271577009175718,1748,11,0.8884502877862838,0
566,1,2,10,3.230513352746488,1320,11,0.9431945538974952,0
225,6,0,9,0.4261775175503479,322,11,1.804272708628173,0
504,6,5,11,0.5654421317618704,687,11,0.8884502877862838,0
36,6,0,11,0.9951729413288544,29,12,0.9431945538974952,1
459,6,0,11,0.0950700384984938,845,7,0.8884502877862838,1
577,6,1,0,0.158733862138047,1081,11,0.9431945538974952,0
489,6,6,10,0.1109859944083821,975,6,1.804272708628173,0
879,2,5,11,0.6720234402319445,1955,1,0.9431945538974952,1
266,0,2,5,0.8877402389371084,269,11,0.8884502877862838,1
573,6,2,10,2.721202763630062,1224,11,0.8884502877862838,0
779,2,5,11,1.432010334929111,1284,7,0.9431945538974952,0
7,6,1,6,0.7962234924552508,44,12,0.8884502877862838,1
730,2,5,11,1.2012289742357305,1207,6,0.9431945538974952,0
251,2,0,8,0.6688958451761444,570,12,0.9431945538974952,1
904,2,6,10,1.447926290838999,1079,11,0.9431945538974952,1
378,0,6,10,0.5853370766492308,281,12,0.9431945538974952,0
37,2,1,6,0.5137152750547335,42,12,0.9431945538974952,1
682,2,5,11,0.1038794103751098,1288,1,0.9431945538974952,1
121,1,0,3,0.2471230135641045,138,3,0.9431945538974952,0
254,2,1,10,1.297576103616732,468,11,0.9431945538974952,0
278,2,6,7,0.803330076488523,334,6,0.8884502877862838,1
289,6,0,10,0.2511020025415766,427,6,0.9431945538974952,0
30,6,0,7,0.6728748341536165,51,4,0.9431945538974952,1
1282,5,0,10,0.2582085865748488,2418,11,1.804272708628173,0
772,2,0,10,1.8577621555186223,1341,11,0.8884502877862838,1
462,6,5,11,0.4460724624377082,1210,12,0.9431945538974952,1
1331,6,0,10,0.9386157017225736,2402,11,0.9431945538974952,0
101,6,0,10,0.3346607710684902,154,12,0.9431945538974952,0
894,2,5,10,0.910762778880269,3250,11,0.8884502877862838,0
532,6,2,10,0.0999004213976378,1179,12,0.9431945538974952,0
438,6,0,8,0.2582085865748488,780,11,0.9431945538974952,0
654,1,2,10,2.3471777997476875,1142,6,0.8884502877862838,0
537,6,0,5,0.649000900288784,410,11,0.9431945538974952,0
521,6,5,10,0.2670179584514649,811,11,0.8884502877862838,0
211,6,0,7,0.6680444512544724,192,11,0.8884502877862838,1
110,6,0,10,0.1595852560597189,130,12,0.9431945538974952,0
110,1,0,10,0.7405176467706417,66,3,0.8884502877862838,0
413,6,1,8,0.0402155867355567,730,11,0.8884502877862838,0
272,0,0,3,0.4381144844827641,257,6,0.8884502877862838,0
165,0,0,3,0.6131899994915354,141,3,0.9431945538974952,1
831,2,0,10,1.8498041775636784,1523,11,0.8884502877862838,1
20,6,0,5,0.9275301287118292,34,4,0.8884502877862838,1
214,6,0,10,0.3585347049333226,350,11,1.804272708628173,0
69,1,0,7,0.2033541348119117,54,6,0.9431945538974952,0
118,6,1,5,1.6357901667018584,203,6,0.8884502877862838,1
542,6,0,5,0.214439707822656,461,11,0.9431945538974952,0
92,6,1,10,0.0521525536679729,151,12,0.8884502877862838,0
390,0,2,10,1.1693970624159538,1043,11,0.9431945538974952,1
325,0,6,10,0.5574841538069263,263,12,0.8884502877862838,0
365,6,0,11,0.0831330715660775,717,7,0.9431945538974952,1
49,1,0,7,0.3386397600459622,37,6,0.8884502877862838,0
905,6,6,10,1.396199434131862,1011,11,0.9431945538974952,1
285,2,0,11,0.2781035314622092,523,7,1.804272708628173,0
701,6,6,10,3.0315639038728843,640,6,0.9431945538974952,1
248,2,0,11,0.5694211207393426,576,9,0.9431945538974952,1
466,5,1,10,0.6211479774464795,675,11,0.9431945538974952,0
425,6,1,8,0.1428179062281586,768,11,0.8884502877862838,0
354,0,6,10,0.537589208919566,286,12,0.9431945538974952,0
158,2,1,7,0.2471230135641045,243,6,0.9431945538974952,0
712,0,2,10,2.2198501524685814,1123,11,0.8884502877862838,1
419,6,0,10,0.0282786198031404,365,6,1.804272708628173,0
431,6,0,5,0.055280148723773,430,11,0.8884502877862838,0
602,5,1,0,0.4023035836855154,1050,11,1.804272708628173,0
475,2,6,11,0.1348599282732145,534,6,0.9431945538974952,1
126,6,0,10,0.10700700543091,179,12,0.8884502877862838,0
956,6,5,10,0.1905657739578236,3192,11,0.0273721330556057,0
365,2,0,10,0.214439707822656,444,6,0.0273721330556057,0
27,6,0,11,1.1145426106530167,15,11,0.8884502877862838,1
410,2,1,0,0.2113121127668558,1132,11,1.804272708628173,0
1222,6,0,10,1.3126406656049483,2622,11,0.9431945538974952,0
438,2,1,11,0.5654421317618704,816,6,0.9431945538974952,1
276,6,0,1,1.027004853148631,520,7,0.8884502877862838,0
221,6,0,10,0.0640895206003891,370,11,1.804272708628173,0
690,2,5,11,0.4102615616404595,1270,1,0.9431945538974952,1
501,6,0,5,0.111837388330054,440,3,0.9431945538974952,0
316,2,5,3,0.6171689884690075,724,11,0.8884502877862838,0
591,6,2,10,0.060110531622917,1166,11,0.9431945538974952,1
696,2,5,5,1.1574600954835377,1129,6,0.9431945538974952,0
782,2,5,10,0.1547548731605749,2533,11,0.0273721330556057,0
804,2,0,10,1.6627916956224909,1234,11,0.9431945538974952,1
161,2,1,7,0.274975936406409,226,6,0.8884502877862838,0
780,6,0,10,0.7555822087588581,1439,11,0.8884502877862838,0
389,6,1,8,0.1794802009470793,606,11,0.8884502877862838,0
43,6,0,5,0.7285806798382255,51,4,1.804272708628173,1
336,0,0,9,0.3107868372036577,484,10,0.9431945538974952,1
42,6,0,10,0.2630389694739928,50,6,0.8884502877862838,0
791,2,0,10,0.1826077960028794,2119,6,1.804272708628173,0
228,6,1,10,1.186164412247514,695,11,0.9431945538974952,1
1082,2,5,0,0.9823845804747664,2226,0,0.9431945538974952,0
187,5,1,7,0.1786288070254073,315,6,0.8884502877862838,0
129,6,1,5,1.5442734202200006,228,6,0.9431945538974952,1
614,5,1,10,0.4898413411899011,775,11,0.9431945538974952,0
330,2,1,10,1.134437555540377,817,11,0.8884502877862838,1
678,2,5,10,0.1794802009470793,2585,11,0.8884502877862838,0
106,1,0,3,0.5614631427843984,77,3,0.9431945538974952,0
1618,6,0,10,1.6309597838027143,2501,11,0.9431945538974952,0
378,2,6,11,0.541568197897038,239,6,0.8884502877862838,1
647,2,5,10,0.5654421317618704,2330,11,0.0273721330556057,0
350,0,6,10,0.5296312309646218,278,12,0.9431945538974952,0
1473,6,2,10,1.3524305553796692,1667,11,0.8884502877862838,0
751,6,0,10,0.377578255899011,1268,11,0.9431945538974952,0
163,2,0,6,1.508462519422752,423,12,0.9431945538974952,1
195,6,0,6,1.2140173350898185,479,12,0.9431945538974952,1
295,2,1,10,1.08271069883324,850,11,0.8884502877862838,1
662,6,6,10,2.9917740140981635,592,6,0.9431945538974952,1
253,2,2,10,0.6410429223338399,303,11,0.8884502877862838,1
643,2,6,10,2.5063373588465705,598,6,0.9431945538974952,1
584,6,1,10,0.2351860466316883,1049,6,0.9431945538974952,1
1348,6,2,10,2.247703075310886,1704,11,0.8884502877862838,1
506,0,2,10,1.937341935068064,965,11,0.9431945538974952,1
274,2,6,10,1.0866896878107122,181,6,0.8884502877862838,1
812,6,5,10,0.0791540825886055,3004,11,0.0273721330556057,0
290,0,0,3,0.541568197897038,509,10,0.8884502877862838,1
312,0,6,10,0.8161184373426111,267,12,0.9431945538974952,0
420,0,0,3,0.4133891566962597,371,6,0.0273721330556057,0
541,2,5,11,0.2033541348119117,1472,12,0.9431945538974952,1
1001,6,0,10,1.925404968135648,1298,11,0.9431945538974952,1
238,6,1,10,1.0110888972387428,569,11,1.804272708628173,0
714,6,2,10,0.0879634544652216,1212,12,0.9431945538974952,0
602,2,0,10,1.7861403539241252,1591,11,0.8884502877862838,0
158,2,1,6,1.405008806008478,466,7,0.9431945538974952,1
545,6,5,11,0.5893160656267029,1202,12,0.9431945538974952,1
476,6,0,11,0.1666918400929911,621,6,1.804272708628173,0
143,5,1,7,0.0919424434426936,271,6,0.9431945538974952,0
541,2,6,10,0.1189439723633262,908,6,1.804272708628173,0
676,2,5,10,0.1914171678794955,995,3,0.9431945538974952,0
428,2,6,1,0.2113121127668558,459,6,0.8884502877862838,1
746,2,0,10,1.865720133473567,1334,11,0.9431945538974952,1
467,6,0,10,0.9744266025198222,516,7,1.804272708628173,0
64,6,0,10,1.241870257932123,116,1,0.9431945538974952,1
287,6,6,7,0.6919183851193049,354,8,0.9431945538974952,1
443,6,0,8,0.2064817298677118,713,5,0.9431945538974952,0
275,2,0,11,0.3664926828882667,616,9,0.8884502877862838,1
680,0,2,10,2.577959160441068,1171,11,0.9431945538974952,1
495,2,5,10,0.9434460846217176,856,3,0.8884502877862838,0
479,6,1,10,0.2152911017443279,983,6,1.804272708628173,1
514,0,2,11,0.9465736796775176,834,4,0.9431945538974952,1
1018,5,5,9,1.0778803159340962,2092,10,0.9431945538974952,0
495,2,1,10,0.5614631427843984,909,6,0.9431945538974952,1
679,2,6,10,2.840572432954225,759,6,0.8884502877862838,1
672,6,1,6,0.1078583993525819,1310,11,1.804272708628173,0
402,0,2,10,0.2670179584514649,321,11,0.8884502877862838,1
198,2,0,7,0.6760024292094166,324,6,0.8884502877862838,0
799,0,2,10,2.9718790692108032,1248,11,0.8884502877862838,1
344,6,6,7,1.0500273930917916,375,8,0.8884502877862838,1
709,6,2,10,0.0672171156561892,1332,11,0.8884502877862838,0
535,0,2,3,0.6322335504572237,817,12,0.9431945538974952,1
716,2,0,10,1.825930243698846,1483,11,0.8884502877862838,1
935,2,1,10,1.1693970624159538,1498,6,0.9431945538974952,0
234,6,0,7,0.6004016386374472,219,6,0.9431945538974952,1
422,6,5,10,1.0628157539458798,1129,6,0.9431945538974952,1
647,0,5,10,0.3744506608432109,1006,3,0.9431945538974952,0
244,2,1,10,1.5203994863551682,628,11,0.8884502877862838,1
90,1,0,3,0.5296312309646218,71,3,0.9431945538974952,0
73,6,0,10,1.0110888972387428,136,1,0.8884502877862838,1
595,6,2,10,0.1953961568569676,1140,12,0.8884502877862838,0
710,6,0,10,1.233060886055507,1536,11,0.8884502877862838,0
469,2,5,11,0.2860615094171533,1341,12,0.9431945538974952,1
626,6,2,10,2.6814128738553418,1208,11,0.8884502877862838,0
355,6,0,11,0.0919424434426936,645,7,0.9431945538974952,1
662,6,1,11,0.2630389694739928,959,6,0.9431945538974952,1
419,6,0,8,0.0282786198031404,734,5,0.9431945538974952,0
1058,2,5,9,0.7754771536462185,2078,0,0.9431945538974952,0
161,0,0,3,0.2630389694739928,149,3,0.8884502877862838,1
224,6,0,10,0.8709728891055483,207,6,0.9431945538974952,1
459,6,0,11,0.0075322809941081,686,7,0.8884502877862838,1
1476,6,1,10,1.149502117528593,2583,11,1.804272708628173,0
243,0,6,10,0.5535051648294542,264,12,0.8884502877862838,0
392,6,5,11,1.0110888972387428,551,11,0.8884502877862838,0
345,2,6,10,0.3068078482261857,328,6,0.8884502877862838,1
373,6,1,10,1.1702484563376256,611,11,1.804272708628173,0
536,4,2,10,0.4094101677187876,1315,11,0.9431945538974952,1
665,6,1,6,0.2343346527100163,1189,11,1.804272708628173,0
46,6,0,11,0.9474250735991896,37,12,0.9431945538974952,1
558,5,1,10,0.3386397600459622,722,11,0.9431945538974952,0
629,6,2,10,3.055437837737717,1238,6,0.8884502877862838,0
1444,6,2,10,1.173376051393426,1484,11,0.9431945538974952,0
127,6,1,10,0.3377883661242903,183,12,0.8884502877862838,0
547,6,0,5,0.0314062148589406,463,3,1.804272708628173,0
38,6,0,7,0.8280554042750273,54,4,0.9431945538974952,1
830,6,0,10,0.429305112606148,2656,6,1.804272708628173,0
903,2,5,10,0.4850109582907571,2968,11,0.0273721330556057,0
479,6,2,10,2.6177490502157887,1113,6,0.8884502877862838,0
743,6,0,10,0.9187207568352131,1425,11,0.9431945538974952,0
712,2,5,11,0.4571580354484525,1451,10,0.9431945538974952,1
44,2,1,6,0.5455471868745101,48,7,0.9431945538974952,1
385,2,6,1,0.3545557159558505,384,12,0.9431945538974952,1
315,0,0,3,0.0481735646905008,337,6,0.0273721330556057,0
703,6,0,10,0.2104607188451839,1372,3,0.9431945538974952,0
877,2,5,10,0.3497253330567065,967,6,0.9431945538974952,0
747,2,0,10,1.29672470969506,1326,6,0.8884502877862838,0
129,6,0,11,1.2737021697518995,443,7,0.9431945538974952,1
673,6,1,10,0.158733862138047,1055,6,0.9431945538974952,1
251,2,1,6,1.341344982368925,454,7,0.9431945538974952,1
766,2,5,11,0.1189439723633262,1733,10,0.9431945538974952,1
1090,2,5,9,0.7993510875110509,1949,10,0.9431945538974952,0
587,4,2,10,0.5168428701105336,1263,11,0.9431945538974952,1
262,0,6,10,0.9315091176893012,220,12,0.8884502877862838,0
22,6,0,11,1.1941223902024585,21,12,0.8884502877862838,1
49,6,0,10,1.2697231807744276,84,1,0.8884502877862838,1
1269,2,1,10,1.4359893239065826,2505,11,0.9431945538974952,0
351,6,5,11,0.7763285475678904,973,12,0.9431945538974952,1
789,0,2,10,1.9731528358653128,1050,11,0.8884502877862838,1
342,6,0,9,0.1666918400929911,461,11,1.804272708628173,0
639,2,6,10,1.619022816870298,1120,11,0.8884502877862838,1
782,6,5,10,0.4929689362457012,2854,11,0.8884502877862838,0
264,6,0,6,0.6251269664239516,594,1,1.804272708628173,0
26,6,0,11,1.0588367649684076,33,12,0.9431945538974952,1
445,6,1,8,0.111837388330054,716,5,0.8884502877862838,0
1009,2,5,0,0.9465736796775176,2064,10,0.9431945538974952,0
243,0,0,11,0.5256522419871498,518,12,0.8884502877862838,1
1223,6,2,10,1.989068791775201,1589,11,0.8884502877862838,1
757,2,5,9,0.1467968952056307,1865,0,1.804272708628173,0
107,6,1,5,1.5920212879496656,193,6,0.8884502877862838,1
112,6,1,5,1.611916232837026,197,6,0.8884502877862838,1
345,2,0,9,0.1874381789020234,488,10,0.8884502877862838,1
475,0,2,4,0.5964226496599752,621,4,0.9431945538974952,1
694,6,0,10,1.0898172828665122,1437,3,0.8884502877862838,0
1492,6,2,10,1.288766731740116,1652,11,0.8884502877862838,0
320,0,6,10,0.5813580876717588,214,12,0.9431945538974952,0
741,4,0,10,0.6202965835248075,1312,3,0.9431945538974952,0
721,6,0,10,0.2152911017443279,2265,6,1.804272708628173,0
468,6,0,11,0.1158163773075261,768,7,0.9431945538974952,1
658,2,1,6,0.004404685938308,1172,11,0.9431945538974952,0
272,2,0,3,0.4261775175503479,243,3,0.8884502877862838,0
1207,2,2,10,2.0567116043922264,1436,11,0.9431945538974952,1
362,6,0,11,0.1277533442399423,604,7,0.8884502877862838,1
661,6,5,11,0.3704716718657388,1322,12,0.9431945538974952,1
167,6,0,9,0.2988498702712415,349,11,0.8884502877862838,0
806,2,5,11,1.5792329270955774,1135,7,0.9431945538974952,0
403,2,5,10,0.6171689884690075,641,11,0.8884502877862838,0
580,6,2,10,3.0395218818278287,1226,11,0.8884502877862838,0
451,2,5,3,0.8718242830272201,635,11,0.8884502877862838,0
993,2,5,9,0.803330076488523,1997,0,1.804272708628173,0
79,2,0,10,0.0760264875328053,53,6,0.8884502877862838,0
420,6,2,4,0.4420934734602362,597,4,0.8884502877862838,1
177,0,0,3,0.2908918923162973,132,6,0.8884502877862838,1
547,2,5,3,0.7325596688156976,895,3,0.9431945538974952,0
679,2,5,11,0.4810319693132849,1749,10,0.9431945538974952,1
108,6,1,5,1.603958254882082,219,6,0.9431945538974952,1
213,6,0,7,0.4253261236286759,218,11,0.8884502877862838,1
368,2,0,3,0.4023035836855154,246,3,0.9431945538974952,0
232,5,1,10,1.3652189162337574,620,11,0.8884502877862838,1
230,2,0,7,0.4531790464709804,336,6,0.9431945538974952,0
155,0,0,3,0.541568197897038,132,6,0.8884502877862838,1
1429,6,2,10,1.0579853710467355,1496,11,0.9431945538974952,0
455,5,1,10,1.0110888972387428,590,11,0.9431945538974952,0
217,0,0,8,0.5694211207393426,526,12,0.8884502877862838,1
269,2,1,10,1.078731709855768,770,11,0.9431945538974952,1
228,6,0,7,0.5725487157951427,208,6,0.8884502877862838,1
937,2,5,11,0.5009269142006454,1958,10,0.9431945538974952,1
839,2,6,10,1.9572368799554245,1109,11,0.8884502877862838,1
1312,2,2,10,2.088543516212003,1523,11,0.8884502877862838,1
222,2,1,10,1.3572609382788132,655,11,0.9431945538974952,1
1465,6,2,10,1.1574600954835377,1581,11,0.9431945538974952,0
528,6,2,10,0.1476482891273027,1120,12,0.9431945538974952,0
713,4,0,10,0.7038553520517211,1411,3,0.9431945538974952,0
520,5,1,10,0.2431440245866324,760,11,0.9431945538974952,0
607,6,5,8,0.3903666167530992,1322,11,0.8884502877862838,1
267,0,2,5,0.4739253852800127,284,11,0.9431945538974952,1
820,2,6,10,1.404157412086806,941,11,0.9431945538974952,1
546,0,5,10,0.382408638798155,910,3,0.9431945538974952,0
476,6,2,10,0.270996947428937,1220,12,0.8884502877862838,0
319,0,2,10,0.4301565065278199,307,11,0.8884502877862838,1
22,6,0,11,1.023025864171159,22,12,0.8884502877862838,1
657,6,5,8,0.1547548731605749,1723,6,0.8884502877862838,1
1039,2,0,10,0.7555822087588581,2449,6,1.804272708628173,0
704,6,0,10,0.373599266921539,1404,3,0.9431945538974952,0
627,2,1,10,0.1038794103751098,1026,6,1.804272708628173,1
312,0,2,10,0.6370639333563678,319,11,0.8884502877862838,1
309,6,1,10,1.1782064342925698,479,11,1.804272708628173,0
37,6,0,7,0.8877402389371084,43,4,0.9431945538974952,1
90,6,1,5,1.6835380344315232,171,6,0.8884502877862838,1
267,0,0,11,0.2908918923162973,604,12,0.9431945538974952,1
480,0,5,3,0.6330849443788957,976,3,0.9431945538974952,0
269,2,6,10,0.7365386577931696,209,6,0.8884502877862838,1
457,2,0,10,0.1786288070254073,466,7,0.0273721330556057,0
685,6,5,10,0.0680685095778612,2423,11,0.0273721330556057,0
795,6,5,10,0.5566327598852544,3082,11,0.0273721330556057,0
210,6,0,7,0.6242755725022796,194,6,0.8884502877862838,1
745,4,0,10,0.1706708290704632,1236,3,0.9431945538974952,0
342,0,2,5,0.5495261758519822,305,11,0.8884502877862838,1
593,2,0,10,1.7463504641494043,1121,11,0.8884502877862838,1
535,2,1,0,0.378429649820683,1137,11,0.9431945538974952,0
195,6,0,11,1.253807224864539,479,12,0.9431945538974952,1
342,6,0,8,0.2192700907218,640,9,0.8884502877862838,0
419,0,2,10,0.5455471868745101,322,11,0.9431945538974952,1
431,6,2,3,0.8718242830272201,425,7,0.9431945538974952,1
666,2,5,10,0.64417051738964,2950,11,0.0273721330556057,0
1119,6,1,10,1.073901326956624,1521,6,0.8884502877862838,0
618,2,6,10,0.4730739913583408,993,6,1.804272708628173,0
484,0,2,3,0.3298303881693462,686,12,0.9431945538974952,1
1468,6,2,10,1.4598632577714152,1684,11,0.9431945538974952,0
255,0,6,10,0.485862352212429,225,12,0.9431945538974952,0
499,5,1,10,0.752454613703058,713,11,0.8884502877862838,0
916,2,5,11,0.6123386055698634,1480,10,0.9431945538974952,1
549,2,6,10,2.434715557252073,520,6,0.8884502877862838,1
30,6,0,11,1.0548577759909357,12,12,0.8884502877862838,1
759,2,5,11,0.2312070576542162,1111,10,0.9431945538974952,1
248,6,0,1,0.915593161779413,548,7,1.804272708628173,0
966,5,5,3,0.9386157017225736,2296,10,0.9431945538974952,0
1294,2,2,10,1.945299913023008,1295,11,0.8884502877862838,1
391,6,1,8,0.6131899994915354,637,5,0.8884502877862838,0
298,6,0,6,0.8041814704101949,503,1,0.9431945538974952,0
353,2,6,10,0.5296312309646218,282,6,0.8884502877862838,1
944,2,0,10,0.6561074843220562,2484,6,0.9431945538974952,0
340,2,6,11,0.7285806798382255,215,6,0.8884502877862838,1
1116,2,2,10,1.9015310342708156,1408,11,0.8884502877862838,1
94,6,1,5,1.8188236596655736,198,6,0.9431945538974952,1
335,2,0,3,0.0831330715660775,274,6,0.0273721330556057,0
254,5,1,10,1.281660147706844,599,11,0.8884502877862838,1
199,6,0,10,0.0831330715660775,187,11,0.9431945538974952,1
512,2,1,11,0.6251269664239516,796,6,0.9431945538974952,1
813,2,5,11,0.1229229613407983,1808,12,0.9431945538974952,1
568,6,2,10,0.1428179062281586,1285,11,0.8884502877862838,0
275,6,0,1,0.8559083271173319,563,7,1.804272708628173,0
281,2,2,10,0.6967487680184489,292,11,0.9431945538974952,1
658,6,0,10,0.0234482369039964,1068,11,0.8884502877862838,0
185,6,0,10,0.214439707822656,424,11,0.9431945538974952,0
438,6,0,11,0.1277533442399423,657,7,0.9431945538974952,1
77,1,0,10,0.2829339143613532,89,3,0.8884502877862838,0
759,2,0,10,0.962489635587406,1253,6,0.9431945538974952,0
698,6,2,10,0.8311829993308275,1436,11,0.9431945538974952,1
219,5,0,9,0.6848118010860327,454,10,0.8884502877862838,1
445,6,0,8,0.4054311787413155,810,11,0.8884502877862838,0
291,6,6,7,0.5208218590880057,346,8,0.8884502877862838,1
283,0,6,10,0.7723495585904183,204,12,0.8884502877862838,0
1507,6,2,10,1.50761112550108,1793,11,0.9431945538974952,0
239,2,0,11,0.2033541348119117,575,9,0.8884502877862838,1
99,1,0,10,0.1348599282732145,72,6,0.8884502877862838,0
555,6,6,10,0.1149649833858541,979,6,0.9431945538974952,0
1490,6,2,10,1.5275060703884404,1722,11,0.9431945538974952,0
1624,5,0,10,1.29672470969506,2593,11,0.9431945538974952,0
1533,6,2,10,1.559337982208217,1758,11,0.9431945538974952,0
611,5,1,10,0.3505767269783785,666,11,0.9431945538974952,0
877,6,1,10,1.173376051393426,1328,6,1.804272708628173,0
702,2,6,10,2.995753003075636,752,6,0.9431945538974952,1
549,2,1,10,0.3426187490234343,943,6,1.804272708628173,1
758,2,5,11,0.1277533442399423,1461,12,0.9431945538974952,1
37,6,0,11,1.0548577759909357,16,11,0.9431945538974952,1
341,5,0,3,0.1985237519127677,539,10,0.8884502877862838,1
40,6,0,7,0.7007277569959209,44,4,0.8884502877862838,1
276,6,1,10,1.1463745224727933,528,11,0.9431945538974952,0
34,6,0,7,0.7922445034777786,50,4,1.804272708628173,1
1,6,0,11,1.1981013791799302,1,11,0.8884502877862838,1
734,6,6,10,1.5235270814109685,1126,11,0.8884502877862838,1
507,6,0,5,0.541568197897038,300,11,0.8884502877862838,0
40,6,0,5,0.8559083271173319,47,4,0.9431945538974952,1
1038,2,0,10,0.163564245037191,2348,6,0.9431945538974952,0
184,6,0,9,0.0680685095778612,405,11,1.804272708628173,0
362,0,0,3,0.6887907900635047,192,6,0.8884502877862838,0
711,6,5,8,0.6839604071643608,1649,6,0.8884502877862838,1
396,6,0,11,0.1237743552624702,643,7,0.8884502877862838,1
895,2,5,9,0.2272280686767442,1613,0,0.9431945538974952,0
125,6,1,5,1.61987421079197,220,6,0.8884502877862838,1
