Date,Closing,Opening,High,Low,Volume,Diff %
12.02.2023,1543,1538.34,1547.3,1523.47,262820.00,0.3000
11.02.2023,1538.34,1513.12,1542.64,1508.07,306240.00,1.62000
10.02.2023,1513.82,1545.35,1554.19,1499.49,523330.00,-2.04000
09.02.2023,1545.35,1650.97,1655.96,1530.98,702210.00,-6.4000
08.02.2023,1650.99,1671.39,1694.28,1631.15,447570.00,-1.22000
07.02.2023,1671.4,1613.72,1676.83,1613.2,481910.00,3.57000
06.02.2023,1613.72,1629.44,1657.75,1606.59,401030.00,-0.96000
05.02.2023,1629.44,1666.9,1671.88,1612.7,435140.00,-2.25000
04.02.2023,1666.9,1663.78,1694.58,1646.11,328660.00,0.19000
03.02.2023,1663.79,1641.7,1673.59,1628.73,489790.00,1.34000
02.02.2023,1641.71,1642.1,1710.27,1632.39,685270.00,-0.02000
01.02.2023,1642.1,1585.27,1647.27,1560.18,505440.00,3.59000
31.01.2023,1585.27,1566.5,1602.03,1562.04,368940.00,0.3600
30.01.2023,1566.5,1645.97,1647.25,1540.25,630550.00,-4.83000
29.01.2023,1645.97,1572.13,1657.19,1566.9,595670.00,4.63000
28.01.2023,1573.07,1597.61,1605.96,1561.24,332620.00,-1.54000
27.01.2023,1597.6,1602.54,1620.15,1560.21,533750.00,-0.31000
26.01.2023,1602.55,1611.2,1629.89,1581.76,552260.00,-0.54000
25.01.2023,1611.2,1555.97,1638.97,1523.71,681590.00,3.54000
24.01.2023,1556.15,1626.52,1641.17,1539.51,493470.00,-4.33000
23.01.2023,1626.53,1627.04,1643.82,1591.9,436570.00,-0.03000
22.01.2023,1627.03,1626.66,1662.13,1609.32,456360.00,0.09000
21.01.2023,1625.53,1659.96,1678.27,1622.89,523340.00,-2.08000
20.01.2023,1659.98,1551.12,1662.26,1543.21,472150.00,6.98000
19.01.2023,1551.62,1511.35,1560.7,1510.65,329040.00,2.67000
18.01.2023,1511.31,1564.66,1604.74,1505.37,801710.00,-3.41000
17.01.2023,1564.67,1576.94,1603.32,1544.45,536730.00,-0.78000
16.01.2023,1576.94,1552.69,1598.18,1526.4,617000.00,1.56000
15.01.2023,1552.69,1550.05,1564.34,1517.4,411430.00,0.17000
14.01.2023,1550.02,1450.86,1576.83,1449.47,1030000.00,6.83000
13.01.2023,1450.86,1416.08,1463.53,1401.98,552050.00,2.46000
12.01.2023,1416.08,1389.84,1435.95,1365.78,960620.00,1.89000
11.01.2023,1389.84,1335.14,1392.4,1322.1,509990.00,4.1000
10.01.2023,1335.13,1320.51,1344.42,1316.95,487240.00,1.11000
09.01.2023,1320.51,1288.39,1344.39,1285.97,629220.00,2.49000
08.01.2023,1288.38,1263.91,1289.13,1259.15,231750.00,1.94000
07.01.2023,1263.9,1269.14,1270.95,1261.46,141940.00,-0.41000
06.01.2023,1269.14,1250.95,1274.85,1240.38,369540.00,1.45000
05.01.2023,1250.95,1256.92,1259.08,1242.93,289490.00,-0.47000
04.01.2023,1256.92,1214.57,1266.97,1212.91,504280.00,3.49000
03.01.2023,1214.57,1213.93,1219.75,1206.83,219980.00,0.05000
02.01.2023,1213.93,1200.52,1220.76,1193.77,270720.00,1.12000
01.01.2023,1200.52,1195.69,1204.12,1191.67,126620.00,0.41000
31.12.2022,1195.67,1200,1207.71,1193.16,150200.00,-0.34000
30.12.2022,1199.8,1200.84,1202.13,1186.1,285770.00,-0.09000
29.12.2022,1200.84,1189.99,1205.34,1187.19,272590.00,0.91000
28.12.2022,1189.98,1211.6,1214.32,1184.22,407450.00,-1.78000
27.12.2022,1211.6,1228.22,1233.15,1202.02,290020.00,-1.31000
26.12.2022,1227.65,1218.69,1230.37,1213.08,177660.00,0.73000
25.12.2022,1218.69,1220.46,1223.82,1201.2,256520.00,-0.15000
24.12.2022,1220.46,1220.03,1226.2,1214.76,131510.00,0.04000
23.12.2022,1220.03,1217.59,1228.46,1212.97,301170.00,0.2000
22.12.2022,1217.57,1213.99,1229.47,1185.27,383630.00,0.31000
21.12.2022,1213.85,1217.19,1218.69,1205.48,269180.00,-0.28000
20.12.2022,1217.2,1167.8,1228.97,1163.57,497610.00,4.23000
19.12.2022,1167.8,1182.7,1194.47,1152.54,337020.00,-1.26000
18.12.2022,1182.7,1187.19,1196.55,1172.82,272630.00,-0.38000
17.12.2022,1187.18,1166.7,1189.21,1162.76,363230.00,1.75000
16.12.2022,1166.7,1266.32,1279.27,1156.91,829230.00,-7.87000
15.12.2022,1266.32,1307.29,1311.07,1260.89,446340.00,-3.13000
14.12.2022,1307.3,1320.76,1348.43,1302.76,614310.00,-1.02000
13.12.2022,1320.76,1275.49,1345.07,1255.82,717710.00,3.59000
12.12.2022,1275.02,1263.42,1278.37,1241.45,395620.00,0.92000
11.12.2022,1263.42,1266.36,1282.86,1258.53,192460.00,-0.25000
10.12.2022,1266.62,1262.88,1281.24,1260.05,193320.00,0.3000
09.12.2022,1262.86,1280.29,1291.11,1257,437550.00,-1.36000
08.12.2022,1280.29,1231.04,1289.87,1223.27,447070.00,4
07.12.2022,1231.04,1271.24,1275.3,1221.1,422120.00,-3.16000
06.12.2022,1271.26,1259.56,1273.92,1243.66,342160.00,0.93000
05.12.2022,1259.56,1279.21,1303.92,1248.69,430540.00,-1.58000
04.12.2022,1279.74,1240.46,1284.24,1240.14,344960.00,3.17000
03.12.2022,1240.46,1295.69,1302.61,1237.81,373790.00,-4.26000
02.12.2022,1295.69,1276.05,1295.8,1266.16,393370.00,1.54000
01.12.2022,1276.05,1294.4,1295.82,1263.58,453590.00,-1.42000
30.11.2022,1294.41,1216.54,1304.97,1213.44,858510.00,01.июн
29.11.2022,1216.55,1167.73,1226.35,1159.72,549930.00,4.18000
28.11.2022,1167.73,1193.38,1199.06,1151.98,518170.00,-2.15000
27.11.2022,1193.38,1205.17,1222.83,1191.09,306640.00,-0.98000
26.11.2022,1205.15,1198.12,1229.2,1196.93,413090.00,0.59000
25.11.2022,1198.12,1203.77,1204.75,1172.63,426960.00,-0.47000
24.11.2022,1203.77,1185.7,1217.38,1180.91,544830.00,1.52000
23.11.2022,1185.79,1139.74,1189.17,1128.53,688960.00,4.04000
22.11.2022,1139.74,1107.46,1141.58,1077.85,815180.00,2.91000
21.11.2022,1107.46,1142.88,1143.96,1081.96,981810.00,-3.1000
20.11.2022,1142.88,1217.65,1226.14,1135.57,564890.00,-6.14000
19.11.2022,1217.65,1208.92,1231.15,1207.34,225460.00,0.86000
18.11.2022,1207.31,1206.99,1225.39,1201.47,388690.00,0.18000
17.11.2022,1205.17,1206.16,1227.73,1185.58,567610.00,-0.08000
16.11.2022,1206.16,1253.45,1267.62,1188.76,705310.00,-3.77000
15.11.2022,1253.45,1242.64,1289.21,1235.39,686180.00,0.87000
14.11.2022,1242.64,1221.47,1289.01,1175.42,1010000.00,1.73000
13.11.2022,1221.47,1256.29,1274.24,1205.61,597250.00,-2.77000
12.11.2022,1256.29,1288.71,1291.39,1239.34,602580.00,-2.51000
11.11.2022,1288.63,1299.21,1307.16,1203.04,1450000.00,-0.81000
10.11.2022,1299.15,1100.86,1346.92,1089.01,2190000.00,18.01000
09.11.2022,1100.84,1335.26,1337.19,1076.29,2920000.00,-17.56000
08.11.2022,1335.25,1567.54,1576.1,1241.18,2870000.00,-14.82000
07.11.2022,1567.57,1570.71,1608.06,1547.29,719300.00,-0.21000
06.11.2022,1570.86,1626.86,1637.44,1565.79,464260.00,-3.45000
05.11.2022,1627.07,1645.03,1664.42,1623.48,404020.00,-1.09000
04.11.2022,1645.01,1531.06,1666.17,1528.6,1070000.00,7.44000
03.11.2022,1531.08,1518.99,1558.75,1515.75,631900.00,0.79000
02.11.2022,1519.04,1579.59,1618.82,1503.29,1140000.00,-3.84000
01.11.2022,1579.64,1572.89,1609.1,1564.69,593310.00,0.43000
31.10.2022,1572.89,1590.47,1634.17,1550.72,938650.00,-1.11000
30.10.2022,1590.47,1619.67,1638.6,1577.35,542490.00,-1.8000
29.10.2022,1619.69,1554.47,1660.13,1548.83,1050000.00,01.апр
28.10.2022,1554.47,1514.14,1572.66,1489.99,966350.00,2.66000
27.10.2022,1514.19,1566.18,1575.9,1508.24,1020000.00,-3.32000
26.10.2022,1566.16,1459.6,1590.23,1458.61,1430000.00,01.июл
25.10.2022,1459.6,1343.88,1522.06,1335.38,1280000.00,8.61000
24.10.2022,1343.88,1364.19,1369.35,1324.25,665580.00,-1.47000
23.10.2022,1363.92,1313.64,1370.91,1301.8,473610.00,3.83000
22.10.2022,1313.64,1299.76,1318.84,1294.61,244200.00,1.07000
21.10.2022,1299.76,1282.87,1306.27,1257.83,525540.00,1.32000
20.10.2022,1282.87,1285.33,1310.47,1272.79,483190.00,-0.19000
19.10.2022,1285.32,1310.81,1313.46,1282.44,406740.00,-1.94000
18.10.2022,1310.81,1331.4,1341.21,1287.58,625850.00,-1.53000
17.10.2022,1331.12,1305.95,1338.39,1296.45,498150.00,1.93000
16.10.2022,1305.95,1274.93,1314.52,1274.66,333150.00,2.46000
15.10.2022,1274.57,1296.74,1301.48,1264.86,321110.00,-1.71000
14.10.2022,1296.74,1287.33,1342.01,1284.08,734030.00,0.73000
13.10.2022,1287.34,1294.56,1299.74,1196.63,1090000.00,-0.56000
12.10.2022,1294.57,1279.97,1304.45,1275.77,418570.00,1.14000
11.10.2022,1279.97,1290,1297.59,1269.35,498630.00,-0.78000
10.10.2022,1290.04,1323.17,1337.58,1288.68,451440.00,-2.52000
09.10.2022,1323.41,1315.08,1328.55,1308.15,210500.00,0.64000
08.10.2022,1315.05,1331.07,1336.69,1304.08,227700.00,-1.2000
07.10.2022,1330.99,1352.17,1361.26,1319.17,574760.00,-1.57000
06.10.2022,1352.27,1352.07,1383.02,1347.78,680650.00,0.01000
05.10.2022,1352.07,1361.51,1364.03,1317.58,564420.00,-0.69000
04.10.2022,1361.48,1323.37,1367.3,1318.87,550050.00,2.88000
03.10.2022,1323.41,1277.02,1329.16,1266.86,604190.00,3.74000
02.10.2022,1275.74,1311.8,1317.41,1272.38,432450.00,-2.75000
01.10.2022,1311.8,1328.73,1333.61,1303.22,293020.00,-1.27000
30.09.2022,1328.73,1336.05,1372.44,1316.62,866630.00,-0.55000
29.09.2022,1336.08,1337.34,1351.61,1289.66,871660.00,-0.1000
28.09.2022,1337.37,1328.23,1354.75,1261.29,1080000.00,0.69000
27.09.2022,1328.23,1337.07,1399.67,1305.49,1000000.00,-0.66000
26.09.2022,1337.06,1294.24,1339.17,1279.71,1050000.00,3.31000
25.09.2022,1294.26,1317.01,1335.73,1271.87,579090.00,-1.73000
24.09.2022,1317,1327.91,1348.91,1307.96,559420.00,-0.83000
23.09.2022,1327.96,1326.12,1356.74,1264.91,1160000.00,0.11000
22.09.2022,1326.44,1247.64,1346.38,1237.96,1110000.00,6.31000
21.09.2022,1247.74,1323.34,1388.38,1222.29,1390000.00,-5.71000
20.09.2022,1323.33,1375.96,1384.39,1315.03,765140.00,-3.83000
19.09.2022,1376,1334.82,1391.5,1284.5,1110000.00,3.07000
18.09.2022,1335.01,1468.76,1469.21,1327.21,934280.00,-9.11000
17.09.2022,1468.79,1434.01,1475.05,1409.65,483780.00,2.43000
16.09.2022,1434.01,1472.63,1483.43,1410.9,829010.00,-2.62000
15.09.2022,1472.64,1637.89,1653.55,1461.16,1660000.00,-10.09000
14.09.2022,1637.92,1574.41,1646.09,1556.97,858280.00,4.03000
13.09.2022,1574.47,1716.45,1751.5,1562.3,1300000.00,-8.27000
12.09.2022,1716.42,1766.99,1782.74,1694.08,727780.00,-2.86000
11.09.2022,1766.93,1774.38,1786.73,1722.62,467420.00,-0.42000
10.09.2022,1774.38,1718.84,1788.1,1707.81,470190.00,3.23000
09.09.2022,1718.81,1635.33,1743.47,1631.17,969870.00,5.14000
08.09.2022,1634.85,1629.63,1660.56,1595.9,772840.00,0.33000
07.09.2022,1629.51,1557.85,1657.05,1493.19,976590.00,01.май
06.09.2022,1557.85,1617.4,1686.23,1556.09,1180000.00,-3.66000
05.09.2022,1617.07,1578.9,1628.77,1557.66,571750.00,2.42000
04.09.2022,1578.89,1557.35,1580.81,1541.16,339060.00,1.37000
03.09.2022,1557.55,1575.31,1581.37,1535.98,378790.00,-1.13000
02.09.2022,1575.34,1585.55,1647.5,1547.68,1040000.00,-0.64000
01.09.2022,1585.48,1554.57,1597.48,1514.75,823900.00,1.95000
31.08.2022,1555.12,1523.39,1617.09,1523.39,1070000.00,2.09000
30.08.2022,1523.34,1552.56,1605.3,1475.68,1140000.00,-1.88000
29.08.2022,1552.6,1426.25,1559.46,1424.33,931760.00,8.86000
28.08.2022,1426.25,1490.88,1507.92,1424.69,633350.00,-4.33000
27.08.2022,1490.83,1508.32,1518.14,1449.31,866820.00,-1.14000
26.08.2022,1508.08,1695.38,1703.32,1490.67,1340000.00,-11.05000
25.08.2022,1695.37,1656.64,1720.84,1654.77,677670.00,2.34000
24.08.2022,1656.64,1665.3,1691.25,1606.06,827200.00,-0.5000
23.08.2022,1664.89,1626.7,1672.63,1564.37,1050000.00,2.34000
22.08.2022,1626.75,1618.21,1627.13,1531.91,1040000.00,0.53000
21.08.2022,1618.25,1575.61,1644.88,1563.92,852070.00,2.71000
20.08.2022,1575.6,1609.01,1654.84,1525.51,1010000.00,-2.11000
19.08.2022,1609.48,1846.52,1846.97,1607.6,1590000.00,-12.84000
18.08.2022,1846.51,1834.19,1880.22,1822.04,675270.00,0.67000
17.08.2022,1834.18,1876.69,1956.54,1821,1100000.00,-2.27000
16.08.2022,1876.7,1900.08,1914.06,1856.44,725780.00,-1.24000
15.08.2022,1900.25,1935.1,2012.02,1873.7,1090000.00,-1.8000
14.08.2022,1935.1,1983.52,2028.4,1909.19,662150.00,-2.44000
13.08.2022,1983.5,1957.62,2018.97,1946.65,798080.00,1.32000
12.08.2022,1957.63,1880.3,1961.83,1856.64,834690.00,4.11000
11.08.2022,1880.28,1853.5,1931.06,1850.72,1310000.00,1.45000
10.08.2022,1853.46,1702.8,1881.39,1657.78,1520000.00,8.85000
09.08.2022,1702.8,1778.15,1789.55,1668.79,960580.00,-4.25000
08.08.2022,1778.42,1700.26,1813.45,1694.69,951020.00,4.59000
07.08.2022,1700.29,1690.29,1728.97,1669.39,530480.00,0.59000
06.08.2022,1690.27,1737.66,1749.33,1687.74,696110.00,-2.73000
05.08.2022,1737.71,1607,1740.33,1605.71,1210000.00,8.14000
04.08.2022,1606.94,1618.07,1661.15,1581.18,881560.00,-0.69000
03.08.2022,1618.08,1631.46,1682.23,1591.6,906080.00,-0.82000
02.08.2022,1631.48,1630.07,1675.51,1560.17,1250000.00,0.08000
01.08.2022,1630.1,1679.98,1702.81,1607.29,959530.00,-2.97000
31.07.2022,1680,1695.99,1752.94,1667.41,822230.00,-0.94000
30.07.2022,1695.97,1720.8,1741.34,1674.42,891420.00,-1.44000
29.07.2022,1720.77,1725.97,1764.74,1658.26,1440000.00,-0.3000
28.07.2022,1726.01,1635.99,1781.39,1597.67,1870000.00,05.май
27.07.2022,1636.01,1449.65,1643.7,1421.17,1800000.00,12.77000
26.07.2022,1450.7,1438.76,1451.46,1357.7,1420000.00,0.85000
25.07.2022,1438.52,1598.19,1608.06,1438.5,1650000.00,-9.99000
24.07.2022,1598.19,1549.61,1659.93,1547.7,1180000.00,3.14000
23.07.2022,1549.61,1534.85,1596.02,1490.35,1030000.00,0.96000
22.07.2022,1534.85,1575.68,1644.99,1520.36,1430000.00,-2.59000
21.07.2022,1575.68,1520.66,1600.35,1465.93,1550000.00,3.62000
20.07.2022,1520.64,1543.45,1618.43,1488.73,1650000.00,-1.48000
19.07.2022,1543.5,1584.33,1620.35,1494.88,2180000.00,-2.6000
18.07.2022,1584.77,1337.92,1590.95,1336.75,2370000.00,18.46000
17.07.2022,1337.85,1356,1385.23,1323.23,1410000.00,-1.34000
16.07.2022,1356.08,1231.03,1399.16,1192.18,1770000.00,10.16000
15.07.2022,1231.03,1192.83,1284.76,1182.22,1740000.00,3.21000
14.07.2022,1192.75,1115.8,1210.17,1072.58,1860000.00,6.89000
13.07.2022,1115.83,1038.6,1116.51,1012.29,2480000.00,7.44000
12.07.2022,1038.56,1096.41,1097.75,1035.82,1490000.00,-5.28000
11.07.2022,1096.43,1167.35,1170.63,1093.28,1340000.00,-6.08000
10.07.2022,1167.35,1216.94,1219.26,1155.25,1120000.00,-4.07000
09.07.2022,1216.94,1216.26,1232.69,1205.26,644470.00,0.05000
08.07.2022,1216.33,1238.1,1275.69,1194.15,1450000.00,-1.76000
07.07.2022,1238.15,1186.48,1252.69,1163.85,1180000.00,4.36000
06.07.2022,1186.45,1133.87,1202.09,1112.02,1420000.00,4.63000
05.07.2022,1133.9,1151.19,1170.97,1079.36,1590000.00,-1.5000
04.07.2022,1151.19,1074.07,1159.76,1045.97,1350000.00,7.18000
03.07.2022,1074.08,1066.6,1086.9,1041.82,755270.00,0.7000
02.07.2022,1066.6,1059.05,1077.66,1029.03,865060.00,0.72000
01.07.2022,1058.94,1069.13,1110.25,1035.79,1890000.00,-0.95000
30.06.2022,1069.05,1099.51,1105.88,1000.77,1710000.00,-2.77000
29.06.2022,1099.51,1143.95,1155.02,1088.1,1540000.00,-3.89000
28.06.2022,1143.97,1191.02,1234.96,1137.57,1320000.00,-3.94000
27.06.2022,1190.84,1198.03,1237.14,1176.77,1070000.00,-0.6000
26.06.2022,1198.03,1241.8,1276.81,1196.2,1130000.00,-3.52000
25.06.2022,1241.76,1224.96,1255.55,1181.11,1030000.00,1.37000
24.06.2022,1225.03,1144.33,1244.82,1132.87,1660000.00,7.07000
23.06.2022,1144.19,1049.02,1152.97,1046.57,1570000.00,9.07000
22.06.2022,1049.02,1125.96,1127.06,1045.37,1580000.00,-6.83000
21.06.2022,1125.96,1128.29,1192.27,1110.63,1600000.00,-0.21000
20.06.2022,1128.32,1128.39,1165.62,1056.58,2040000.00,-0.01000
19.06.2022,1128.39,995.49,1152.07,938.24,2420000.00,13.34000
18.06.2022,995.61,1086.47,1096.93,883.35,2770000.00,-8.36000
17.06.2022,1086.47,1068.49,1116.46,1052.17,1450000.00,1.68000
16.06.2022,1068.49,1237.92,1254.28,1052.65,1760000.00,-13.69000
15.06.2022,1237.92,1208.82,1244.8,1016.99,3730000.00,2.24000
14.06.2022,1210.84,1206.67,1261.39,1078.11,3270000.00,0.35000
13.06.2022,1206.67,1434.43,1454.07,1168.68,4390000.00,-15.94000
12.06.2022,1435.46,1531.5,1542.01,1430.93,1820000.00,-6.27000
11.06.2022,1531.42,1663.04,1681.58,1503.15,1440000.00,-7.91000
10.06.2022,1663.02,1788.15,1803.54,1657.3,1130000.00,-6.99000
09.06.2022,1788.06,1792.81,1832.7,1778,625760.00,-0.28000
08.06.2022,1793,1813.05,1837.41,1766.94,1090000.00,-1.14000
07.06.2022,1813.72,1859.99,1870.99,1727.77,1640000.00,-2.49000
06.06.2022,1859.99,1806.11,1919.4,1804.77,939370.00,2.95000
05.06.2022,1806.71,1804.6,1829.25,1773.65,437730.00,0.13000
04.06.2022,1804.37,1775.28,1815.19,1748.89,442100.00,1.64000
03.06.2022,1775.29,1834.66,1843.31,1740.83,884530.00,-3.24000
02.06.2022,1834.64,1817.98,1851.25,1784.23,975530.00,0.91000
01.06.2022,1818.07,1941.81,1971.22,1770.85,1290000.00,-6.37000
31.05.2022,1941.79,1998.46,2015.02,1928.93,933240.00,-2.84000
30.05.2022,1998.46,1813.56,2009.95,1804.33,1040000.00,окт.19
29.05.2022,1813.56,1792.25,1824.81,1764.72,554580.00,1.16000
28.05.2022,1792.68,1724.67,1807.79,1722.88,658230.00,3.97000
27.05.2022,1724.3,1793.19,1820.82,1708.62,1570000.00,-3.85000
26.05.2022,1793.42,1942.89,1964.91,1744.12,1420000.00,-7.69000
25.05.2022,1942.91,1979.4,2020.64,1937.52,639930.00,-1.84000
24.05.2022,1979.35,1973.01,1992.6,1914.48,620410.00,0.33000
23.05.2022,1972.93,2043.19,2086.21,1959.57,738090.00,-3.44000
22.05.2022,2043.19,1975.12,2055.15,1966.34,425980.00,3.45000
21.05.2022,1975.12,1959.79,1989.44,1940.59,292470.00,0.78000
20.05.2022,1959.85,2019.36,2061.08,1923.86,699690.00,-2.95000
19.05.2022,2019.34,1913.99,2039.71,1903.67,858970.00,5.61000
18.05.2022,1912.12,2091.05,2108.84,1909.56,751820.00,-8.56000
17.05.2022,2091.14,2023,2120.03,2008.84,736630.00,3.37000
16.05.2022,2022.93,2145.86,2145.86,1979.93,950850.00,-5.73000
15.05.2022,2145.86,2056.33,2161.78,2001.74,589770.00,4.36000
14.05.2022,2056.3,2009.55,2068.66,1952.07,656940.00,2.33000
13.05.2022,2009.53,1955.59,2146.22,1941.53,1340000.00,2.77000
12.05.2022,1955.36,2087.17,2190.51,1796.24,2840000.00,-6.03000
11.05.2022,2080.79,2342.27,2451.33,2007.57,2700000.00,-11.16000
10.05.2022,2342.3,2229.69,2455.19,2202.02,1950000.00,5.08000
09.05.2022,2229.1,2519.98,2529.35,2228.9,1930000.00,-11.54000
08.05.2022,2519.98,2636.03,2641.84,2492.59,925400.00,-4.4000
07.05.2022,2636.03,2692.92,2703.11,2589.29,458050.00,-2.11000
06.05.2022,2692.88,2747.6,2757.14,2635.85,881180.00,-1.99000
05.05.2022,2747.46,2940.7,2952.84,2730.95,899820.00,-6.57000
04.05.2022,2940.7,2781.47,2963.54,2773.9,662070.00,5.72000
03.05.2022,2781.47,2856.01,2861.42,2757.36,447800.00,-2.61000
02.05.2022,2856.01,2825.65,2879.99,2780.08,617740.00,1.07000
01.05.2022,2825.8,2727.2,2847.02,2720.57,512010.00,3.62000
30.04.2022,2727.18,2817.14,2841.16,2716.31,430980.00,-3.18000
29.04.2022,2816.66,2937.01,2946.18,2778.33,629560.00,-4.1000
28.04.2022,2937.01,2889.01,2977.78,2856.42,726030.00,1.66000
27.04.2022,2888.99,2810.42,2916.39,2795.58,602240.00,02.авг
26.04.2022,2810.42,3006.04,3032.7,2768.38,694460.00,-6.51000
25.04.2022,3006.04,2922.03,3023.23,2800.21,807690.00,2.88000
24.04.2022,2922.03,2931.9,2966.94,2915.66,269290.00,-0.34000
23.04.2022,2931.9,2963,2977.45,2917.84,227070.00,-1.05000
22.04.2022,2963,2983.91,3029.14,2937.47,544890.00,-0.7000
21.04.2022,2983.95,3076.06,3176.69,2950.97,675440.00,-3
20.04.2022,3076.38,3101.79,3161.9,3037.67,512720.00,-0.83000
19.04.2022,3102.01,3055.86,3128.86,3030.32,427140.00,1.52000
18.04.2022,3055.64,2989.05,3069.07,2887.25,681760.00,2.23000
17.04.2022,2989.05,3058.96,3081.14,2983.17,311540.00,-2.29000
16.04.2022,3058.96,3042.01,3084.84,3011.47,245470.00,0.56000
15.04.2022,3042.01,3021.93,3056.84,2996.62,309950.00,0.66000
14.04.2022,3021.93,3117.21,3143.18,2980.84,546540.00,-3.05000
13.04.2022,3116.92,3027.64,3128.2,2999.66,563890.00,2.96000
12.04.2022,3027.25,2978.45,3082.02,2951.8,790540.00,1.64000
11.04.2022,2978.29,3201.99,3213.52,2953.66,876670.00,-6.98000
10.04.2022,3201.84,3259.59,3306.14,3198.1,327860.00,-1.76000
09.04.2022,3259.35,3193.54,3268.18,3182.1,283240.00,2.05000
08.04.2022,3193.93,3228.83,3311.42,3174.14,654820.00,-1.08000
07.04.2022,3228.84,3169.58,3268.56,3143.96,569390.00,1.87000
06.04.2022,3169.58,3406.83,3406.87,3164.24,950590.00,-6.96000
05.04.2022,3406.78,3520.35,3554.54,3400.74,500270.00,-3.23000
04.04.2022,3520.41,3521.16,3544.92,3412.01,547680.00,-0.02000
03.04.2022,3521.1,3442.34,3579.82,3414.4,473540.00,2.29000
02.04.2022,3442.34,3456.18,3529.63,3436.79,629290.00,-0.4000
01.04.2022,3456.18,3282.33,3478.74,3215.33,649920.00,05.мар
31.03.2022,3282.35,3385.6,3444.43,3263.36,545440.00,-3.05000
30.03.2022,3385.64,3401.86,3445.98,3333.5,425380.00,-0.48000
29.03.2022,3401.89,3329.67,3481.23,3329.67,570030.00,2.18000
28.03.2022,3329.38,3295.73,3428.41,3275.32,628910.00,0.98000
27.03.2022,3297.04,3145.95,3297.4,3126.46,402020.00,04.авг
26.03.2022,3146.01,3103.43,3150.09,3085.8,244280.00,1.37000
25.03.2022,3103.51,3110.8,3192.73,3081.71,583250.00,-0.18000
24.03.2022,3109.25,3036.18,3126.37,3005.99,699580.00,2.41000
23.03.2022,3036.12,2969.64,3042.28,2925.78,536630.00,2.24000
22.03.2022,2969.64,2891.41,3048.32,2887.69,716470.00,фев.71
21.03.2022,2891.63,2861.66,2960.42,2830.38,546610.00,1.05000
20.03.2022,2861.69,2950.03,2962.19,2819.27,436110.00,-2.99000
19.03.2022,2949.92,2939.76,2984,2895.3,392640.00,0.35000
18.03.2022,2939.76,2812.29,2983.11,2768.65,159B,4.53000
17.03.2022,2812.29,2773.8,2832.61,2747.06,106B,1.38000
16.03.2022,2773.94,2617.43,2787.12,2603.8,179B,5.98000
15.03.2022,2617.43,2589.54,2667.61,2510.75,119B,1.09000
14.03.2022,2589.3,2516.75,2608.68,2500.12,991820000.00,2.88000
13.03.2022,2516.75,2569.8,2600.65,2494.59,811550000.00,-2.06000
12.03.2022,2569.8,2556.96,2612.33,2555.85,567250000.00,0.5000
11.03.2022,2556.96,2606.5,2670.05,2525.2,128B,-1.9000
10.03.2022,2606.5,2726.94,2731.37,2559.9,146B,-4.42000
09.03.2022,2726.94,2577.21,2772.09,2569.13,152B,5.81000
08.03.2022,2577.21,2492.53,2623.99,2483.29,144B,03.апр
07.03.2022,2492.53,2549.4,2645.41,2447.74,158B,-2.23000
06.03.2022,2549.4,2665.42,2673.19,2542.19,881090000.00,-4.35000
05.03.2022,2665.42,2622.15,2684.5,2592.07,709870000.00,1.65000
04.03.2022,2622.15,2834.78,2835.94,2575.63,150B,-7.5000
03.03.2022,2834.91,2947.03,2967.9,2789.87,521360.00,-3.81000
02.03.2022,2947.14,2975.8,3041.84,2914.7,740370.00,-0.96000
01.03.2022,2975.81,2922.44,3036.59,2858.54,828620.00,1.82000
28.02.2022,2922.5,2616.34,2949.44,2574.12,899190.00,11.июл
27.02.2022,2616.34,2779.55,2834.61,2562.94,804740.00,-5.78000
26.02.2022,2776.96,2767.58,2856.01,2734.56,520440.00,0.34000
25.02.2022,2767.53,2596.52,2830.31,2573.39,828870.00,6.59000
24.02.2022,2596.52,2578.54,2732.02,2303.07,1850000.00,0.71000
23.02.2022,2578.15,2637.38,2749.8,2578.15,636500.00,-2.2000
22.02.2022,2636.13,2569.19,2663.01,2501.4,841130.00,2.58000
21.02.2022,2569.87,2619.32,2755.58,2560.24,996710.00,-1.89000
20.02.2022,2619.32,2763.97,2764.46,2577.52,508490.00,-5.23000
19.02.2022,2763.81,2779.44,2829.2,2699.7,377080.00,-0.57000
18.02.2022,2779.56,2893.78,2943.14,2754.15,623190.00,-3.96000
17.02.2022,2894.03,3122.33,3159.83,2855.66,661980.00,-7.21000
16.02.2022,3118.9,3182.32,3184.88,3045.92,416700.00,-1.99000
15.02.2022,3182.27,2929.29,3193.18,2912.61,540040.00,8.64000
14.02.2022,2929.31,2871.06,2963.7,2834.13,477240.00,2.06000
13.02.2022,2870.25,2917.16,2952.94,2838.29,303120.00,-1.61000
12.02.2022,2917.1,2927.64,2984.72,2858.85,433290.00,-0.36000
11.02.2022,2927.63,3071.8,3136.33,2880.6,607930.00,-4.69000
10.02.2022,3071.83,3243.73,3277.36,3058.59,742540.00,-5.3000
09.02.2022,3243.62,3115.91,3266.41,3055.95,477820.00,4.1000
08.02.2022,3115.88,3139.65,3228.86,3029.7,664450.00,-0.77000
07.02.2022,3140.18,3056.29,3185.77,2995.59,568420.00,2.75000
06.02.2022,3056.2,3013.75,3073.23,2957.16,316580.00,1.41000
05.02.2022,3013.81,2994.74,3058.88,2963.11,473620.00,0.63000
04.02.2022,2994.99,2692.8,2994.99,2671.72,908750.00,11.22000
03.02.2022,2692.8,2680.66,2723.97,2579.8,549270.00,0.44000
02.02.2022,2681,2787.16,2809.57,2618.07,602400.00,-3.81000
01.02.2022,2787.16,2686.82,2808.6,2676.32,521740.00,3.73000
31.01.2022,2686.82,2602.71,2704.64,2478.85,601730.00,3.23000
30.01.2022,2602.77,2600.12,2636.04,2543.99,381840.00,0.11000
29.01.2022,2600.02,2545.95,2632.51,2520.14,484180.00,2.12000
28.01.2022,2545.95,2424.66,2556.34,2362.53,634500.00,5
27.01.2022,2424.66,2462.25,2515.19,2317.3,774540.00,-1.49000
26.01.2022,2461.41,2458.07,2719.32,2405.66,1050000.00,0.14000
25.01.2022,2458.07,2441.01,2504.32,2352.36,656030.00,0.7000
24.01.2022,2441.01,2540.81,2540.81,2161.55,1560000.00,-3.93000
23.01.2022,2540.81,2412.52,2547.19,2373.85,766830.00,5.32000
22.01.2022,2412.52,2570.67,2621.21,2311.8,1480000.00,-6.17000
21.01.2022,2571.29,3000.21,3032.69,2471.8,1420000.00,-14.43000
20.01.2022,3004.72,3084.48,3270.71,2989.19,481080.00,-2.56000
19.01.2022,3083.65,3160.15,3173.63,3049.3,459810.00,-2.42000
18.01.2022,3160.15,3209.43,3242.47,3084.48,399190.00,-1.53000
17.01.2022,3209.35,3346.63,3356.45,3142.4,375280.00,-4.1000
16.01.2022,3346.59,3326.5,3388.22,3276.44,295680.00,0.57000
15.01.2022,3327.74,3307.84,3369.95,3265.41,292100.00,0.6000
14.01.2022,3307.9,3241.95,3341.24,3195.65,415180.00,2.16000
13.01.2022,3238.03,3370.87,3407.98,3234.97,462810.00,-3.94000
12.01.2022,3370.89,3238.22,3406.79,3208,530960.00,4.11000
11.01.2022,3237.89,3084.64,3262.78,3053.4,505210.00,4.94000
10.01.2022,3085.43,3150.27,3179.96,2931.68,804380.00,-2.06000
09.01.2022,3150.3,3079.89,3210.34,3060.47,415870.00,2.28000
08.01.2022,3080.02,3198.14,3244.46,3001.76,566060.00,-3.61000
07.01.2022,3195.31,3407.22,3413.26,3077.3,979250.00,-6.23000
06.01.2022,3407.77,3536.15,3550.19,3306.14,701890.00,-3.62000
05.01.2022,3535.86,3784.47,3846.44,3418.46,582710.00,-6.69000
04.01.2022,3789.52,3764.62,3889.07,3715.24,415810.00,0.67000
03.01.2022,3764.24,3830.7,3849.5,3682.48,338510.00,-1.73000
02.01.2022,3830.67,3765.67,3851.16,3718.33,242550.00,1.73000
01.01.2022,3765.67,3677.69,3775.2,3675.75,239540.00,2.39000
31.12.2021,3677.85,3709.38,3812.01,3623.74,405650.00,-0.85000
30.12.2021,3709.57,3629.33,3767.93,3589.64,355720.00,2.25000
29.12.2021,3627.93,3792.95,3825.97,3607.2,456030.00,-4.32000
28.12.2021,3791.69,4036.86,4036.86,3760.86,527230.00,-6.06000
27.12.2021,4036.24,4062.02,4125.22,4033.04,313320.00,-0.62000
26.12.2021,4061.27,4093.38,4104.23,4005.38,283580.00,-0.78000
25.12.2021,4093.14,4043.6,4136.03,4024.87,308530.00,1.23000
24.12.2021,4043.39,4110.2,4133.77,4024.24,353850.00,-1.62000
23.12.2021,4110.14,3979.57,4149.17,3895.89,573180.00,3.28000
22.12.2021,3979.54,4016.25,4072.4,3944.15,426430.00,-0.92000
21.12.2021,4016.59,3944.03,4058.76,3915.56,496710.00,1.98000
20.12.2021,3938.8,3925.46,3978.66,3757.42,531110.00,0.34000
19.12.2021,3925.34,3959.9,4025.36,3890.9,442490.00,-0.87000
18.12.2021,3959.83,3878.2,3993.05,3769.91,475860.00,2.1000
17.12.2021,3878.29,3957.12,3993.87,3702.33,654900.00,-1.98000
16.12.2021,3956.62,4019.57,4108.24,3955.46,512120.00,-1.56000
15.12.2021,4019.24,3860.51,4090.15,3649.69,821220.00,4.08000
14.12.2021,3861.55,3782.12,3879.43,3690.06,577610.00,2.11000
13.12.2021,3781.94,4131.47,4141.27,3673.19,891670.00,-8.47000
12.12.2021,4131.78,4078.17,4173.21,3988.29,360450.00,1.38000
11.12.2021,4075.66,3903.52,4094.92,3836.92,581260.00,4.41000
10.12.2021,3903.48,4107.2,4226.79,3894.03,798120.00,-4.97000
09.12.2021,4107.69,4435.74,4482.89,4078.14,642170.00,-7.4000
08.12.2021,4435.74,4307.08,4449.69,4229.63,574330.00,2.99000
07.12.2021,4307.08,4351.36,4424.2,4259.45,550780.00,-1.06000
06.12.2021,4353.31,4194.95,4373.23,3922.65,993790.00,3.78000
05.12.2021,4194.8,4118.27,4247.38,4036,707690.00,1.73000
04.12.2021,4123.46,4219.3,4237.56,3533.02,1520000.00,-2.27000
03.12.2021,4219.3,4512.9,4646.73,4047.07,942770.00,-6.51000
02.12.2021,4512.9,4583.28,4629.75,4437.53,608070.00,-1.54000
01.12.2021,4583.28,4628.72,4778.14,4525.33,669180.00,-0.99000
30.11.2021,4628.9,4443.22,4749.12,4349.21,973460.00,4.18000
29.11.2021,4443.22,4296.98,4456.82,4280.18,532660.00,03.апр
28.11.2021,4296.98,4095.16,4297.63,3980.24,487530.00,4.94000
27.11.2021,4094.8,4037.06,4183.02,4029.06,370730.00,1.49000
26.11.2021,4034.53,4520.3,4548.1,3917.43,1000000.00,-10.75000
25.11.2021,4520.3,4270.73,4549.74,4248.9,578650.00,5.77000
24.11.2021,4273.54,4340.23,4372.83,4172.19,595960.00,-1.54000
23.11.2021,4340.23,4086.73,4384.75,4064.17,684350.00,06.фев
22.11.2021,4086.95,4268.07,4311.46,4026.75,717080.00,-4.24000
21.11.2021,4268.08,4409.02,4422.6,4246.2,446230.00,-3.19000
20.11.2021,4408.85,4295.27,4434.27,4206.75,462990.00,2.64000
19.11.2021,4295.43,3996.29,4305.41,3978.08,571960.00,7.34000
18.11.2021,4001.87,4290.31,4342.74,3958.44,792380.00,-6.74000
17.11.2021,4290.88,4208.29,4298.3,4071.01,664940.00,1.97000
16.11.2021,4208.16,4562.97,4562.97,4115.31,1120000.00,-7.78000
15.11.2021,4562.98,4625.71,4769.38,4543.47,495960.00,-1.35000
14.11.2021,4625.59,4644.4,4692.76,4514.95,340960.00,-0.41000
13.11.2021,4644.61,4665.76,4705.02,4585.37,290270.00,-0.49000
12.11.2021,4667.31,4720.5,4807.16,4511.96,634590.00,-1.13000
11.11.2021,4720.87,4633.98,4778.17,4578.66,418610.00,1.87000
10.11.2021,4634.03,4731.83,4864.06,4498.78,761900.00,-2.07000
09.11.2021,4731.83,4808.34,4836.69,4715.43,437410.00,-1.59000
08.11.2021,4808.38,4612.05,4822.97,4612.05,673210.00,4.26000
07.11.2021,4612.06,4517.27,4634.39,4502.7,337810.00,2.1000
06.11.2021,4517.36,4475,4526.75,4330.29,442600.00,0.95000
05.11.2021,4475,4534.96,4569.31,4439.67,409750.00,-1.33000
04.11.2021,4535.11,4601.93,4604.83,4421.87,495860.00,-1.46000
03.11.2021,4602.21,4586.96,4661.88,4458.87,634680.00,0.35000
02.11.2021,4586.06,4320.85,4598.38,4287.36,630260.00,6.14000
01.11.2021,4320.85,4287.41,4376.94,4157.51,574260.00,0.78000
31.10.2021,4287.56,4322,4393.61,4169.48,555320.00,-0.77000
30.10.2021,4320.65,4413.7,4428.41,4250.24,494870.00,-2.11000
29.10.2021,4413.7,4284.9,4458.3,4268.21,781570.00,3.01000
28.10.2021,4284.9,3921.54,4289.8,3896.33,865800.00,9.25000
27.10.2021,3921.93,4130.06,4299.61,3914.06,1070000.00,-5.03000
26.10.2021,4129.51,4219.92,4291.98,4098.19,559290.00,-2.14000
25.10.2021,4219.92,4082.68,4234.76,4069.94,481410.00,3.36000
24.10.2021,4082.8,4168.8,4184,3965.84,507630.00,-2.06000
23.10.2021,4168.85,3970.94,4169.33,3938.79,487030.00,4.98000
22.10.2021,3970.94,4053.89,4164.11,3896.4,654770.00,-2.05000
21.10.2021,4054.16,4160.51,4366.91,4029.48,1140000.00,-2.54000
20.10.2021,4159.89,3876.76,4168.12,3830.26,752030.00,07.мар
19.10.2021,3876.78,3745.46,3884.34,3733.78,488600.00,3.45000
18.10.2021,3747.6,3848.64,3892.01,3685.82,578210.00,-2.55000
17.10.2021,3845.47,3827.55,3917.56,3664.63,543520.00,0.47000
16.10.2021,3827.55,3869.05,3967.43,3804.55,527610.00,-1.02000
15.10.2021,3866.9,3790.34,3904.91,3735.21,721140.00,2.02000
14.10.2021,3790.41,3607.36,3820.47,3588.24,697090.00,5.08000
13.10.2021,3607.28,3491.08,3612.04,3416,557180.00,3.36000
12.10.2021,3489.9,3541.49,3545.35,3404.49,609890.00,-1.56000
11.10.2021,3545.06,3414.93,3622.53,3381.43,683240.00,3.81000
10.10.2021,3415.03,3574.52,3599.18,3409.22,767490.00,-4.45000
09.10.2021,3574.2,3559.96,3626.11,3541.4,464110.00,0.42000
08.10.2021,3559.42,3586.91,3668.35,3537.24,681740.00,-0.74000
07.10.2021,3586,3575.43,3650.18,3473.47,826290.00,0.3000
06.10.2021,3575.41,3515.35,3627.19,3345.56,1050000.00,1.65000
05.10.2021,3517.26,3383.32,3540.83,3365.28,663880.00,3.97000
04.10.2021,3382.9,3417.26,3436.34,3273.22,826830.00,-1.01000
03.10.2021,3417.34,3388.83,3485.48,3346.63,642590.00,0.84000
02.10.2021,3388.97,3309.14,3467.95,3265.97,778150.00,2.41000
01.10.2021,3309.13,2999.86,3329.32,2972.75,1140000.00,10.28000
30.09.2021,3000.59,2851.06,3047.08,2837.68,968230.00,5.23000
29.09.2021,2851.5,2807.15,2948.5,2784.66,728860.00,1.57000
28.09.2021,2807.28,2926.04,2969.18,2791.42,896280.00,-4.07000
27.09.2021,2926.24,3061.86,3163.86,2926.24,865300.00,-4.48000
26.09.2021,3063.51,2922.47,3113.65,2740.12,1330000.00,4.82000
25.09.2021,2922.55,2928.59,2965.48,2812.7,975490.00,-0.21000
24.09.2021,2928.57,3152.92,3158.38,2740.06,1740000.00,-7.12000
23.09.2021,3152.92,3077.8,3173,3035.96,841540.00,2.44000
22.09.2021,3077.78,2764.71,3087.97,2740.58,1190000.00,11.45000
21.09.2021,2761.52,2976.7,3101.88,2659.71,1790000.00,-7.21000
20.09.2021,2976.05,3328.49,3344.04,2931.64,1720000.00,-10.61000
19.09.2021,3329.12,3435.92,3455.67,3282.85,614000.00,-3.11000
18.09.2021,3435.97,3398.55,3539.5,3371.33,600190.00,1.1000
17.09.2021,3398.65,3569.92,3592.2,3352.32,748100.00,-4.78000
16.09.2021,3569.43,3612.23,3672.68,3488.53,195790.00,-1.18000
15.09.2021,3611.9,3430.36,3612.29,3361.63,790270.00,5.34000
14.09.2021,3428.87,3284.65,3428.87,3270.91,720340.00,4.39000
13.09.2021,3284.52,3408.17,3429.24,3118.66,1340000.00,-3.63000
12.09.2021,3408.28,3267.33,3469.5,3231.87,805970.00,4.31000
11.09.2021,3267.33,3209.37,3345.37,3202.41,732950.00,1.87000
10.09.2021,3207.27,3423.87,3512.9,3156.28,1210000.00,-6.32000
09.09.2021,3423.51,3498.92,3564.3,3395.94,1090000.00,-2.05000
08.09.2021,3495.1,3424.35,3557.67,3221.6,780680.00,2.1000
07.09.2021,3423.12,3926.84,3945.79,3061.3,2470000.00,-12.84000
06.09.2021,3927.21,3950.2,3968.2,3867.55,764560.00,-0.59000
05.09.2021,3950.62,3885.4,3981.22,3834.74,714160.00,1.69000
04.09.2021,3884.97,3938.45,3968.33,3844.07,672530.00,-1.3000
03.09.2021,3936.29,3785.85,4024.89,3715.97,1200000.00,3.96000
02.09.2021,3786.19,3826.9,3833.89,3723.42,928700.00,-1.21000
01.09.2021,3832.73,3429.65,3839.91,3384.82,1480000.00,11.72000
31.08.2021,3430.74,3228.23,3467.42,3191.34,1520000.00,6.36000
30.08.2021,3225.67,3222.43,3345.72,3145.53,966580.00,0.11000
29.08.2021,3222.16,3243.96,3282.21,3155.31,643730.00,-0.67000
28.08.2021,3243.9,3273.78,3284.58,3212.24,466210.00,-0.91000
27.08.2021,3273.58,3093.78,3279.93,3063.37,839540.00,5.82000
26.08.2021,3093.54,3228.03,3249.62,3057.48,118440.00,-4.17000
25.08.2021,3228.15,3172.12,3247.43,3080.7,923130.00,1.73000
24.08.2021,3173.26,3322.6,3357.99,3150.75,988820.00,-4.41000
23.08.2021,3319.49,3238.41,3375.42,3231.96,1090000.00,2.49000
22.08.2021,3238.7,3224.17,3271.94,3128.98,747650.00,0.46000
21.08.2021,3223.96,3285.12,3307.33,3200.19,768740.00,-1.83000
20.08.2021,3284.21,3184.83,3300.36,3179.18,739320.00,3.12000
19.08.2021,3184.82,3016.92,3185.51,2962.04,844130.00,5.57000
18.08.2021,3016.91,3012.62,3124.51,2951.04,750740.00,0.08000
17.08.2021,3014.58,3147.67,3290.03,2993.63,1060000.00,-4.23000
16.08.2021,3147.65,3307.96,3334.22,3138.37,859090.00,-4.87000
15.08.2021,3308.87,3264.56,3318.61,3115.34,782810.00,1.35000
14.08.2021,3264.69,3322.25,3328.38,3209.45,658600.00,-1.74000
13.08.2021,3322.43,3043.2,3324.53,3035.52,795540.00,9.16000
12.08.2021,3043.61,3160.17,3236.28,2981.35,965630.00,-3.79000
11.08.2021,3163.66,3140.86,3269.7,3122.67,950120.00,0.73000
10.08.2021,3140.71,3162.81,3232.02,3057.84,1120000.00,-0.7000
09.08.2021,3162.93,3011.88,3184.84,2899.24,1440000.00,5.01000
08.08.2021,3012.07,3158.3,3188.49,2949.66,1250000.00,-4.62000
07.08.2021,3158,2889.58,3169.74,2867.58,64840.00,9.29000
06.08.2021,2889.43,2827.23,2946.62,2726.04,1060000.00,02.фев
05.08.2021,2827.21,2725.28,2842.95,2533.51,1650000.00,3.74000
04.08.2021,2725.29,2506.5,2766.46,2462.32,1230000.00,8.72000
03.08.2021,2506.65,2608.01,2631.43,2445.49,158450.00,-3.89000
02.08.2021,2608.04,2556.07,2664.73,2513.51,970670.00,2.03000
01.08.2021,2556.23,2530.94,2696.38,2515.26,1200000.00,0.95000
31.07.2021,2532.19,2461.08,2551.68,2421.7,507080.00,2.89000
30.07.2021,2460.95,2380.59,2467.4,2320.8,1030000.00,3.36000
29.07.2021,2380.93,2299.46,2397.71,2269.15,642750.00,3.56000
28.07.2021,2299.11,2300.21,2343.49,2246.23,968940.00,-0.05000
27.07.2021,2300.22,2230.24,2318.68,2152.92,1250000.00,3.17000
26.07.2021,2229.53,2189.74,2430.01,2174.44,1890000.00,1.81000
25.07.2021,2189.79,2166.98,2195.03,2108.74,786940.00,1.76000
24.07.2021,2151.85,2124,2162.29,2106.71,907110.00,1.33000
23.07.2021,2123.61,2024.51,2129.66,2000.27,961670.00,4.89000
22.07.2021,2024.58,1994.61,2043.26,1952.31,1020000.00,1.51000
21.07.2021,1994.49,1786.18,2029.51,1758.64,1510000.00,11.67000
20.07.2021,1786.07,1818.07,1840.36,1720.7,1200000.00,-1.76000
19.07.2021,1818.07,1891.43,1915.15,1807.19,802780.00,-3.93000
18.07.2021,1892.42,1898.01,1988.24,1881.6,829770.00,-0.29000
17.07.2021,1897.98,1877,1917.8,1851.97,623520.00,1.05000
16.07.2021,1878.2,1917.21,1960.21,1852.42,619620.00,-2.03000
15.07.2021,1917.21,1994.73,2038.91,1884.81,645060.00,-3.88000
14.07.2021,1994.64,1940.48,2017.99,1868.45,1050000.00,2.78000
13.07.2021,1940.72,2035.09,2042.61,1920.62,717850.00,-4.64000
12.07.2021,2035.09,2139.44,2167.6,2008.66,540100.00,-4.87000
11.07.2021,2139.35,2110.9,2173.34,2081.62,724840.00,1.34000
10.07.2021,2111.12,2146.15,2191.3,2078.43,929320.00,-1.62000
09.07.2021,2145.89,2120.05,2185.62,2066.09,1420000.00,1.21000
08.07.2021,2120.22,2316.21,2322.47,2095.92,1820000.00,-8.48000
07.07.2021,2316.57,2322.74,2402.68,2296.43,1320000.00,-0.26000
06.07.2021,2322.72,2196.25,2347.47,2194.2,1780000.00,5.76000
05.07.2021,2196.16,2322.6,2322.6,2163.09,822950.00,-5.47000
04.07.2021,2323.22,2224.7,2386.2,2222.95,1390000.00,4.43000
03.07.2021,2224.7,2154.53,2236.97,2115.8,1280000.00,3.25000
02.07.2021,2154.78,2108.58,2158.7,2019.75,1390000.00,2.17000
01.07.2021,2109.11,2274.5,2274.63,2077.56,1710000.00,-7.24000
30.06.2021,2273.84,2158.32,2281.55,2090.61,1900000.00,5.33000
29.06.2021,2158.71,2083.48,2241.86,2076.17,898060.00,3.63000
28.06.2021,2083.09,1981.24,2142.84,1962.89,2190000.00,5.21000
27.06.2021,1979.88,1830.42,1980.7,1808.59,1870000.00,8.15000
26.06.2021,1830.62,1810.53,1850.4,1719.32,1990000.00,1.11000
25.06.2021,1810.57,1989.77,2017.47,1793.47,1650000.00,-8.98000
24.06.2021,1989.14,1968.76,2033.96,1886.74,1640000.00,1.05000
23.06.2021,1968.39,1877.28,2043.1,1823.57,1770000.00,4.89000
22.06.2021,1876.66,1890.95,1994.32,1707.24,2840000.00,-0.77000
21.06.2021,1891.18,2244.25,2257.86,1868.32,2690000.00,-15.72000
20.06.2021,2243.86,2166.3,2276.83,2045.03,1420000.00,3.55000
19.06.2021,2166.91,2229.53,2276.7,2164.14,1080000.00,-2.81000
18.06.2021,2229.53,2372.1,2376.62,2142.74,778790.00,-5.99000
17.06.2021,2371.62,2367.78,2459.11,2309.08,1060000.00,0.18000
16.06.2021,2367.28,2544.35,2552.12,2353.24,1370000.00,-6.94000
15.06.2021,2543.83,2581.42,2637.9,2512.39,1950000.00,-1.46000
14.06.2021,2581.48,2508.49,2606.91,2467.61,1790000.00,2.92000
13.06.2021,2508.27,2368.68,2547.9,2311.96,1620000.00,май.89
12.06.2021,2368.47,2351.45,2448.04,2260.8,1800000.00,0.72000
11.06.2021,2351.45,2470.04,2493.48,2324.21,587180.00,-4.8000
10.06.2021,2469.97,2607.45,2615.46,2432.41,1290000.00,-5.23000
09.06.2021,2606.23,2507.86,2620.74,2408.37,2320000.00,3.81000
08.06.2021,2510.65,2592.12,2618.7,2320.64,75180.00,-3.16000
07.06.2021,2592.63,2713.52,2842.88,2581.24,3010000.00,-4.46000
06.06.2021,2713.66,2628.43,2743.53,2614.48,756360.00,3.22000
05.06.2021,2628.98,2688.75,2814.02,2555.98,2550000.00,-2.14000
04.06.2021,2686.5,2856.63,2856.63,2557.71,2470000.00,-5.85000
03.06.2021,2853.35,2705.05,2889.19,2666.39,1090000.00,5.44000
02.06.2021,2706.1,2633.74,2801,2554.88,2600000.00,2.75000
01.06.2021,2633.67,2707.94,2738.23,2529.73,2450000.00,-2.76000
31.05.2021,2708.47,2386.93,2713.98,2279.42,2830000.00,13.51000
30.05.2021,2386.1,2276.97,2465.84,2181.93,2800000.00,4.83000
29.05.2021,2276.07,2411.68,2567.42,2207.21,2940000.00,-5.73000
28.05.2021,2414.29,2742.39,2760.17,2332.43,3260000.00,-11.75000
27.05.2021,2735.88,2885.02,2885.87,2638.62,2390000.00,-5.16000
26.05.2021,2884.66,2705.69,2908.37,2648.1,2660000.00,6.64000
25.05.2021,2705.09,2647.27,2747.49,2388.81,3280000.00,фев.18
24.05.2021,2646.79,2101.3,2667.2,2080.87,3240000.00,25.96000
23.05.2021,2101.34,2292.68,2379.89,1739.91,3520000.00,-8.3000
22.05.2021,2291.6,2433.09,2481.06,2162.84,2820000.00,-5.82000
21.05.2021,2433.11,2766.88,2931.66,2111.42,4230000.00,-12.4000
20.05.2021,2777.55,2436.59,2988.52,2163.4,4330000.00,14.04000
19.05.2021,2435.69,3376.22,3434.01,1922.25,6420000.00,-27.89000
18.05.2021,3377.55,3280.5,3558.57,3244.93,2300000.00,2.98000
17.05.2021,3279.68,3582.19,3582.27,3130.12,2850000.00,-8.44000
16.05.2021,3582.12,3643.67,3877.2,3351.92,2280000.00,-1.63000
15.05.2021,3641.65,4074.57,4129.99,3639.12,1940000.00,-10.64000
14.05.2021,4075.38,3719.46,4171.76,3694.54,2060000.00,9.56000
13.05.2021,3719.62,3807.5,4031.99,3539.96,3210000.00,-2.42000
12.05.2021,3811.77,4173.61,4366.1,3794.15,2780000.00,-8.54000
11.05.2021,4167.78,3948.66,4177.53,3781.86,1270000.00,5.57000
10.05.2021,3947.9,3923.48,4203.98,3669.84,2700000.00,0.65000
09.05.2021,3922.23,3905.69,3979.77,3734.44,1940000.00,0.43000
08.05.2021,3905.55,3479.81,3952.88,3453.37,1340000.00,12.19000
07.05.2021,3481.22,3490.83,3583.34,3363.56,1350000.00,-0.24000
06.05.2021,3489.52,3522.74,3601.59,3380.6,1510000.00,-0.94000
05.05.2021,3522.76,3284.31,3540.78,3228.86,1870000.00,7.18000
04.05.2021,3286.71,3429.48,3516.34,3188.9,2740000.00,-4.16000
03.05.2021,3429.37,2950.07,3451.44,2950.07,2320000.00,16.24000
02.05.2021,2950.33,2945.04,2984.52,2854.12,1300000.00,0.19000
01.05.2021,2944.66,2772.27,2951.74,2753.6,1510000.00,июн.22
30.04.2021,2772.78,2757.02,2797.61,2726.03,1520000.00,0.56000
29.04.2021,2757.36,2746.51,2797.52,2670.35,1650000.00,0.39000
28.04.2021,2746.54,2665.83,2759.03,2562.74,1740000.00,3.05000
27.04.2021,2665.24,2531.07,2677.95,2484.44,1450000.00,5.22000
26.04.2021,2533.12,2320.63,2539.8,2305.97,1790000.00,9.35000
25.04.2021,2316.48,2217.23,2355.2,2169.91,1020000.00,4.54000
24.04.2021,2215.93,2367.35,2367.46,2159.6,1610000.00,-6.39000
23.04.2021,2367.31,2398.95,2440.21,2119.26,3460000.00,-1.41000
22.04.2021,2401.1,2360.32,2642.99,2313.46,3170000.00,1.71000
21.04.2021,2360.81,2331.84,2467.51,2238.15,2100000.00,1.23000
20.04.2021,2332.14,2161.06,2345.18,2058,1860000.00,7.94000
19.04.2021,2160.63,2236.1,2275.87,2081.3,1900000.00,-3.42000
18.04.2021,2237.17,2317.88,2338.53,1948.93,2760000.00,-3.5000
17.04.2021,2318.33,2424.12,2493.93,2314.12,1730000.00,-4.33000
16.04.2021,2423.18,2514.55,2544.54,2302.3,2080000.00,-3.62000
15.04.2021,2514.22,2432.9,2541.9,2402.75,1910000.00,мар.26
14.04.2021,2431.56,2299.25,2445.4,2281.49,2110000.00,5.72000
13.04.2021,2299.93,2137.55,2315.47,2136.49,2380000.00,7.58000
12.04.2021,2137.81,2150.79,2199.52,2103.73,2160000.00,-0.63000
11.04.2021,2151.42,2133.89,2164.76,2114.55,1970000.00,0.83000
10.04.2021,2133.79,2067.26,2197.73,2058.23,2090000.00,3.23000
09.04.2021,2066.93,2080.2,2101.07,2050.39,2470000.00,-0.62000
08.04.2021,2079.92,1962.44,2084.08,1951.83,1730000.00,6.04000
07.04.2021,1961.46,2112.41,2128.25,1939.64,2300000.00,-7.11000
06.04.2021,2111.53,2108.81,2150.78,2047.48,1930000.00,0.24000
05.04.2021,2106.41,2076.14,2127.89,2004.05,2310000.00,1.47000
04.04.2021,2075.94,2007.82,2091.31,1982,1590000.00,3.35000
03.04.2021,2008.59,2134.66,2137.68,2004.4,2010000.00,-5.9000
02.04.2021,2134.55,1968.12,2144.11,1949.99,2470000.00,8.47000
01.04.2021,1967.96,1918.82,1983.84,1897.38,2080000.00,2.61000
31.03.2021,1917.99,1841.01,1945.4,1774.66,2590000.00,4.18000
30.03.2021,1841.01,1816.92,1857.65,1788.6,3030000.00,1.34000
29.03.2021,1816.69,1686.88,1839.41,1678.38,1940000.00,07.июл
28.03.2021,1686.8,1712.89,1724.74,1661.92,1310000.00,-1.53000
27.03.2021,1713.01,1698.68,1731.73,1667.12,1400000.00,0.85000
26.03.2021,1698.6,1586.36,1699.27,1586.28,1640000.00,7.06000
25.03.2021,1586.54,1582.23,1621.32,1550.11,1540000.00,0.26000
24.03.2021,1582.38,1668.42,1739.82,1546.48,1880000.00,-5.13000
23.03.2021,1667.9,1681.5,1720.01,1654.14,1460000.00,-0.86000
22.03.2021,1682.37,1783.58,1806.62,1659.28,1580000.00,-5.68000
21.03.2021,1783.72,1804.6,1815.85,1748.47,1430000.00,-1.16000
20.03.2021,1804.6,1809.09,1868.09,1801.6,27030.00,-0.28000
19.03.2021,1809.64,1775.87,1848.88,1735.42,1200000.00,1.89000
18.03.2021,1776.08,1823.72,1849.23,1760.83,1530000.00,-2.59000
17.03.2021,1823.35,1804.56,1837.88,1743.62,1500000.00,1.03000
16.03.2021,1804.85,1792.08,1817.35,1715.97,1810000.00,0.7000
15.03.2021,1792.38,1848.18,1890.59,1745.04,1700000.00,-3.07000
14.03.2021,1849.06,1921.29,1932.36,1836.78,671560.00,-3.75000
13.03.2021,1921.13,1767.05,1943.36,1730.46,1790000.00,8.73000
12.03.2021,1766.9,1827.44,1841.19,1723.18,1520000.00,-3.23000
11.03.2021,1825.79,1794.28,1845.32,1729.05,1580000.00,1.76000
10.03.2021,1794.14,1869.32,1875.98,1759.5,1660000.00,-4.01000
09.03.2021,1869.1,1831.57,1869.1,1801.29,1580000.00,2.05000
08.03.2021,1831.49,1727.17,1841.05,1665.54,1970000.00,5.98000
07.03.2021,1728.1,1650.94,1732.84,1634.73,1690000.00,4.78000
06.03.2021,1649.19,1530.24,1670.01,1514.62,2070000.00,7.77000
05.03.2021,1530.29,1539.73,1548.71,1443.32,1670000.00,-0.54000
04.03.2021,1538.61,1567.84,1623.73,1506.86,1700000.00,-2.06000
03.03.2021,1571.05,1488.8,1653.04,1477.72,1170000.00,5.54000
02.03.2021,1488.62,1570,1602.13,1457.22,1740000.00,-5.18000
01.03.2021,1570.03,1418.91,1571.15,1411.55,1920000.00,10.66000
28.02.2021,1418.76,1458.84,1467.76,1294.79,2070000.00,-2.75000
27.02.2021,1458.93,1445.69,1527.69,1427.15,1560000.00,0.93000
26.02.2021,1445.44,1476.77,1561.66,1403.3,2130000.00,-2.08000
25.02.2021,1476.15,1623.76,1669.24,1460.92,1750000.00,-9.09000
24.02.2021,1623.71,1578.27,1711.16,1505.79,2190000.00,2.89000
23.02.2021,1578.11,1777.25,1781.44,1370.45,3600000.00,-11.21000
22.02.2021,1777.28,1933.52,1935.04,1561.68,2680000.00,-8.08000
21.02.2021,1933.45,1912.97,1974.99,1885.7,1470000.00,1.02000
20.02.2021,1913.88,1955.54,2040.79,1800,2290000.00,-2.13000
19.02.2021,1955.59,1934.17,1968.93,1892.7,1780000.00,1.11000
18.02.2021,1934.16,1849.95,1950.04,1849.05,881870.00,4.66000
17.02.2021,1847.95,1781.44,1854.03,1734.15,1690000.00,3.72000
16.02.2021,1781.69,1778.63,1827.07,1726.78,1480000.00,0.16000
15.02.2021,1778.82,1800.6,1835.51,1661.09,1940000.00,-1.27000
14.02.2021,1801.78,1815.44,1850,1787.11,1430000.00,-0.76000
13.02.2021,1815.49,1840.9,1871.36,1766.05,1440000.00,-1.39000
12.02.2021,1841.02,1786.74,1862.17,1741.04,1750000.00,3.06000
11.02.2021,1786.35,1742.11,1817.68,1704.97,1560000.00,2.54000
10.02.2021,1742.09,1770.81,1835.4,1683.52,2010000.00,-1.61000
09.02.2021,1770.63,1750.19,1818.94,1711.4,1940000.00,1.17000
08.02.2021,1750.18,1612.98,1775.12,1566.43,2170000.00,авг.51
07.02.2021,1612.99,1676.62,1692.29,1491.68,1940000.00,-3.8000
06.02.2021,1676.63,1719.11,1742.9,1648.03,1780000.00,-2.48000
05.02.2021,1719.2,1593.91,1760.09,1589.28,1800000.00,7.85000
04.02.2021,1594,1664.19,1693.64,1570.45,2340000.00,-4.23000
03.02.2021,1664.34,1511.96,1667.93,1510.27,2270000.00,10.12000
02.02.2021,1511.36,1373.31,1546.88,1361.63,2730000.00,10.04000
01.02.2021,1373.4,1312.69,1376.44,1272.09,1650000.00,4.62000
31.01.2021,1312.73,1377.05,1380.04,1282.41,1540000.00,-4.67000
30.01.2021,1376.96,1379.78,1405.78,1327.66,1590000.00,-0.17000
29.01.2021,1379.3,1329.16,1436.27,1288.26,3330000.00,3.83000
28.01.2021,1328.47,1247.67,1359.51,1221.15,814310.00,6.48000
27.01.2021,1247.62,1366.14,1372.31,1210.4,2900000.00,-8.68000
26.01.2021,1366.27,1317.67,1377.94,1246.45,2560000.00,3.67000
25.01.2021,1317.9,1390.69,1474.68,1298.13,2770000.00,-5.21000
24.01.2021,1390.28,1233.41,1398,1222.14,2300000.00,12.72000
23.01.2021,1233.4,1234.34,1271.65,1196.94,1460000.00,-0.1000
22.01.2021,1234.58,1118.01,1272.85,1045.02,2940000.00,10.49000
21.01.2021,1117.33,1377.63,1387.39,1095.26,2760000.00,-18.89000
20.01.2021,1377.53,1372,1406.56,1237.27,3050000.00,0.4000
19.01.2021,1372,1258.1,1437.42,1252.36,2270000.00,9.06000
18.01.2021,1258.06,1233.93,1260.3,1184.15,1730000.00,2.06000
17.01.2021,1232.64,1228.33,1269.01,1168.39,2150000.00,0.36000
16.01.2021,1228.27,1172.12,1290.92,1154.04,2290000.00,4.83000
15.01.2021,1171.68,1233.34,1256.13,1079.19,2850000.00,-4.44000
14.01.2021,1226.17,1128.8,1246.52,1088.52,1550000.00,8.66000
13.01.2021,1128.46,1050.2,1134.66,990.96,2250000.00,7.45000
12.01.2021,1050.19,1086.96,1149.19,1008.28,3090000.00,-3.78000
11.01.2021,1091.47,1255.84,1257.3,917.96,4190000.00,-13.1000
10.01.2021,1256.04,1275.87,1347.98,1180.45,2650000.00,-1.53000
09.01.2021,1275.58,1215.92,1301.75,1172.39,1990000.00,4.92000
08.01.2021,1215.73,1224.33,1271.08,1069.25,2710000.00,-0.7000
07.01.2021,1224.35,1208.71,1286.81,1153.09,2710000.00,1.37000
06.01.2021,1207.77,1099.77,1210.78,1060.67,3750000.00,9.85000
05.01.2021,1099.52,1042.48,1131.56,976.91,3250000.00,5.48000
04.01.2021,1042.4,977.76,1158.27,894.24,5190000.00,6.92000
03.01.2021,974.97,774.54,1008.49,769.57,4020000.00,25.88000
02.01.2021,774.5,729,787.26,715.15,2250000.00,6.22000
01.01.2021,729.12,735.87,748.96,715.74,1640000.00,-0.93000
31.12.2020,735.94,751.92,755.13,724.67,1040000.00,-2.11000
30.12.2020,751.8,732.04,757.11,720.21,1860000.00,2.74000
29.12.2020,731.76,730.26,739.77,690.24,1820000.00,0.23000
28.12.2020,730.05,683.76,747.86,682.47,2750000.00,6.78000
27.12.2020,683.71,636.35,715.46,627.12,2310000.00,июл.44
26.12.2020,636.58,626.99,652.36,616.04,1940000.00,1.54000
25.12.2020,626.93,612.38,633.9,605.01,1700000.00,2.38000
24.12.2020,612.34,585.47,614.92,566.15,1720000.00,4.55000
23.12.2020,585.69,637.04,638.11,554.09,2200000.00,-8.12000
22.12.2020,637.47,607.86,637.47,588.24,2120000.00,4.87000
21.12.2020,607.85,638.28,647.87,599.97,1880000.00,-4.77000
20.12.2020,638.26,657.79,661.04,622.39,2110000.00,-3.02000
19.12.2020,658.17,654.08,669.54,645.91,2170000.00,0.66000
18.12.2020,653.85,643.28,664.26,630.44,2630000.00,1.66000
17.12.2020,643.17,637.29,675.68,627.36,3670000.00,0.91000
16.12.2020,637.38,588.81,638.18,580.9,3110000.00,8.23000
15.12.2020,588.91,586.22,596.97,579.95,1740000.00,0.46000
14.12.2020,586.19,590.66,591.41,576.01,1780000.00,-0.83000
13.12.2020,591.09,568.07,594.83,563.37,2030000.00,4.1000
12.12.2020,567.78,544.16,573.59,543.9,1620000.00,4.34000
11.12.2020,544.17,558.15,560.28,536.43,30170000.00,-2.5000
10.12.2020,558.13,573.28,575.56,548.99,19600000.00,-2.63000
09.12.2020,573.21,554.95,577.94,530.88,9100000.00,3.27000
08.12.2020,555.05,591.03,594.78,551.08,8110000.00,-6.1000
07.12.2020,591.09,601.54,603.06,584.53,7720000.00,-1.76000
06.12.2020,601.68,596.61,606.9,583.67,13140000.00,0.84000
05.12.2020,596.68,567.84,596.73,561.24,30830000.00,5.07000
04.12.2020,567.91,616.33,619.61,566.34,48950000.00,-7.85000
03.12.2020,616.32,597.94,622.1,587.15,24000000.00,3.06000
02.12.2020,598.05,585.69,604.34,575.24,16210000.00,2.12000
01.12.2020,585.66,616.78,635.66,567.79,49420000.00,-4.91000
30.11.2020,615.92,575.35,615.97,571.04,51720000.00,7.03000
29.11.2020,575.45,537.89,576.52,530.71,5790000.00,7.01000
28.11.2020,537.74,518.7,547.94,506.97,5340000.00,3.79000
27.11.2020,518.11,519.69,530.41,494.65,6420000.00,-0.23000
26.11.2020,519.32,569.69,577.08,484.03,13110000.00,-8.84000
25.11.2020,569.67,605.01,605.63,555.32,14500000.00,-5.84000
24.11.2020,605.03,609.2,621.7,589.56,41110000.00,-0.69000
23.11.2020,609.22,559.37,610.33,551.8,49680000.00,8.91000
22.11.2020,559.4,551.9,580,514.44,36760000.00,1.36000
21.11.2020,551.91,509.94,552.13,505.14,26860000.00,8.22000
20.11.2020,509.98,471.27,513.06,471.06,30850000.00,8.23000
19.11.2020,471.21,478.55,480.55,465.41,12530000.00,-1.53000
18.11.2020,478.52,482.05,495.04,459.92,18190000.00,-0.71000
17.11.2020,481.95,460.37,484.59,459.74,7930000.00,4.67000
16.11.2020,460.43,448.18,465.97,445.82,5620000.00,2.72000
15.11.2020,448.23,460.75,462.93,440.44,9340000.00,-2.71000
14.11.2020,460.7,476.38,477.34,452.6,9170000.00,-3.27000
13.11.2020,476.29,462.61,477.78,457.65,9850000.00,2.97000
12.11.2020,462.56,463.33,469.57,452.44,9330000.00,-0.17000
11.11.2020,463.33,450.26,476.08,449.51,15130000.00,2.91000
10.11.2020,450.22,444.38,454.43,439.5,20760000.00,1.33000
09.11.2020,444.33,454.55,458.51,434.95,28850000.00,-2.28000
08.11.2020,454.68,435.39,460.09,432.44,4820000.00,4.43000
07.11.2020,435.4,455.78,467.88,425.57,7780000.00,-4.46000
06.11.2020,455.72,416.59,457.79,415.08,6530000.00,9.38000
05.11.2020,416.63,402.5,419.94,396.46,7040000.00,3.59000
04.11.2020,402.19,388.23,407.9,377.22,6170000.00,3.68000
03.11.2020,387.92,383.64,389.98,370.96,6730000.00,1.14000
02.11.2020,383.53,396.45,404.04,379.13,9430000.00,-3.22000
01.11.2020,396.29,386.36,397.32,384.94,5520000.00,2.55000
31.10.2020,386.42,382.81,394.01,380.53,6420000.00,1.05000
30.10.2020,382.41,387.16,391.98,374.36,2810000.00,-1.13000
29.10.2020,386.76,388.25,393.33,381.53,3040000.00,-0.35000
28.10.2020,388.14,403.11,408.1,381.51,9960000.00,-3.72000
27.10.2020,403.15,393.93,409.85,390.92,6290000.00,2.29000
26.10.2020,394.11,406.45,410.41,383.21,9060000.00,-2.95000
25.10.2020,406.09,412.44,417.07,403.95,3050000.00,-1.42000
24.10.2020,411.92,408.59,416.28,407.74,2680000.00,0.83000
23.10.2020,408.52,414.12,419.11,402.91,8180000.00,-1.33000
22.10.2020,414.05,391.39,420.12,391.21,12650000.00,5.84000
21.10.2020,391.2,368.53,400.36,368.06,13610000.00,июн.15
20.10.2020,368.35,379.03,380.14,367.16,7460000.00,-2.86000
19.10.2020,379.19,377.85,383.97,372.72,6850000.00,0.37000
18.10.2020,377.81,368.61,378.49,367.54,4680000.00,2.49000
17.10.2020,368.63,365.08,369.94,363.18,4980000.00,0.95000
16.10.2020,365.17,377.6,379.6,362.65,7590000.00,-3.25000
15.10.2020,377.45,378.96,380.77,370.39,7930000.00,-0.45000
14.10.2020,379.15,381.13,387.11,373.62,8080000.00,-0.55000
13.10.2020,381.23,386.64,387.06,374.57,7920000.00,-1.41000
12.10.2020,386.68,374.39,394.58,366.05,10390000.00,3.34000
11.10.2020,374.19,370.28,377.27,369.23,5220000.00,1.09000
10.10.2020,370.16,365.25,377.97,364.57,7170000.00,1.34000
09.10.2020,365.28,350.71,368.19,347.82,7850000.00,4.12000
08.10.2020,350.83,341.66,352.95,334.79,6850000.00,2.74000
07.10.2020,341.48,340.59,342.68,334.11,5770000.00,0.26000
06.10.2020,340.61,353.53,354.9,337.21,7320000.00,-3.59000
05.10.2020,353.28,352.69,354.86,348.76,4960000.00,0.16000
04.10.2020,352.73,345.6,353.97,344.03,4770000.00,2.06000
03.10.2020,345.6,345.78,351.04,343.74,4480000.00,-0.02000
02.10.2020,345.68,353.06,353.61,335.91,7270000.00,-2.09000
01.10.2020,353.07,359.5,369.1,345.66,7930000.00,-1.76000
30.09.2020,359.39,359.77,360.94,352.81,5430000.00,-0.13000
29.09.2020,359.86,353.97,360.66,351.48,6260000.00,1.63000
28.09.2020,354.08,357.42,367.63,352.57,7770000.00,-0.88000
27.09.2020,357.23,354.26,362,347.51,6350000.00,0.84000
26.09.2020,354.25,351.62,355.87,346.95,6480000.00,0.75000
25.09.2020,351.63,349.13,357.8,338.01,8470000.00,0.7000
24.09.2020,349.17,319.97,352.6,317.27,9400000.00,9.13000
23.09.2020,319.95,343.96,344.12,315.54,13880000.00,-6.99
22.09.2020,344.03,341.32,346.19,336.15,9290000.00,0.8000
21.09.2020,341.3,371.09,375.34,331.41,11410000.00,-8.03000
20.09.2020,371.12,385.33,385.39,365.48,7300000.00,-3.67000
19.09.2020,385.25,384.25,386.99,377.63,6740000.00,0.27000
18.09.2020,384.2,389.37,392.21,375.81,8950000.00,-1.23000
17.09.2020,388.97,364.75,393.96,363.54,12850000.00,июн.64
16.09.2020,364.88,363.91,372.88,355.18,9060000.00,0.24000
15.09.2020,364.01,376.7,381.67,362.4,9060000.00,-3.37000
14.09.2020,376.7,365.89,383.99,357.54,10340000.00,3.01000
13.09.2020,365.71,388.06,389.51,353.85,10380000.00,-5.74000
12.09.2020,387.98,373.74,388.12,366.05,11490000.00,3.82000
11.09.2020,373.72,367.89,374.41,356.38,12530000.00,1.58000
10.09.2020,367.92,351.1,376.92,350.86,16500000.00,4.79000
09.09.2020,351.1,337.46,358.33,331.12,14070000.00,4.04000
08.09.2020,337.46,352.06,355.69,326.66,18980000.00,-4.15000
07.09.2020,352.06,353.49,357.33,325.47,21690000.00,-0.4000
06.09.2020,353.49,334.91,358.09,316.69,20130000.00,5.55000
05.09.2020,334.91,385.94,394.12,314.13,35320000.00,-13.22000
04.09.2020,385.94,381.97,399.58,368.22,25200000.00,1.04000
03.09.2020,381.97,439.14,466.4,376.99,33590000.00,-13.01000
02.09.2020,439.08,475.72,480.96,423.26,30140000.00,-7.72000
01.09.2020,475.8,433.89,488.24,429.65,10420000.00,9.65000
31.08.2020,433.9,428.81,438.71,418.35,7890000.00,1.18000
30.08.2020,428.86,398.8,429.59,398.47,6670000.00,7.54000
29.08.2020,398.8,395.32,405.53,391.97,5230000.00,0.93000
28.08.2020,395.11,383.16,397.64,379.8,6160000.00,3.13000
27.08.2020,383.11,385.96,396.48,372.53,7030000.00,-0.74000
26.08.2020,385.96,383.16,392.61,377.63,6690000.00,0.72000
25.08.2020,383.2,407.64,409.02,370.4,8280000.00,-6.01000
24.08.2020,407.7,390.81,410.17,387.62,6690000.00,апр.32
23.08.2020,390.5,395.56,396.96,383.42,5360000.00,-1.28000
22.08.2020,395.56,388.06,396.87,379.96,6730000.00,1.95000
21.08.2020,387.99,416.05,418.72,385.21,7620000.00,-6.75000
20.08.2020,416.05,407.39,418.92,402.8,6230000.00,2.11000
19.08.2020,407.44,422.1,426.65,394.51,8440000.00,-3.49000
18.08.2020,422.16,430.63,433.65,415.45,8180000.00,-1.95000
17.08.2020,430.56,433.62,444.86,420.71,7830000.00,-0.71000
16.08.2020,433.63,432.22,436.58,413.22,7020000.00,0.34000
15.08.2020,432.18,438.04,442.7,428.75,7270000.00,-1.34000
14.08.2020,438.03,424.28,443.74,418.37,8670000.00,3.23000
13.08.2020,424.31,387.15,430.33,377.57,12040000.00,9.61000
12.08.2020,387.12,379.03,389.21,367.05,8590000.00,2.14000
11.08.2020,379.01,395.52,398.13,367.38,9440000.00,-4.18000
10.08.2020,395.53,390.22,399.05,386.45,8010000.00,1.36000
09.08.2020,390.23,396.78,399.93,384.31,4970000.00,-1.65000
08.08.2020,396.76,379.57,396.77,376.38,4940000.00,4.53000
07.08.2020,379.57,394.8,398.14,366.44,8340000.00,-3.86000
06.08.2020,394.83,400.8,403.18,391.67,7920000.00,-1.49000
05.08.2020,400.79,389.62,406.92,384.84,8740000.00,2.87000
04.08.2020,389.62,385.86,402.01,381.3,9840000.00,0.99000
03.08.2020,385.8,372.26,397.73,368.46,9920000.00,3.69000
02.08.2020,372.08,387.15,415.08,335.76,16380000.00,-3.89000
01.08.2020,387.14,346.48,392.37,343.33,11030000.00,11.73000
31.07.2020,346.51,334.84,349.34,329.02,8690000.00,3.48000
30.07.2020,334.87,317.79,341.11,314.83,9070000.00,5.36000
29.07.2020,317.82,316.95,324.93,312.64,8720000.00,0.27000
28.07.2020,316.96,321.82,326.53,306.4,9910000.00,-1.5000
27.07.2020,321.8,311.12,332.57,311.04,13730000.00,3.43000
26.07.2020,311.13,305.32,318.54,300.33,9190000.00,01.сен
25.07.2020,305.32,279.33,308.57,279.33,8590000.00,09.мар
24.07.2020,279.33,275.33,287.01,268.54,7170000.00,1.45000
23.07.2020,275.34,263.29,279.53,260.7,8790000.00,4.58000
22.07.2020,263.28,245.54,266.42,241.89,6680000.00,7.23000
21.07.2020,245.53,236.1,246.49,235.67,6290000.00,3.99000
20.07.2020,236.1,239.03,239.71,234.51,5360000.00,-1.22000
19.07.2020,239.01,235.72,239.7,233.35,6610000.00,1.38000
18.07.2020,235.75,232.77,236.83,232.4,5790000.00,1.29000
17.07.2020,232.75,233.65,234.53,231.84,5880000.00,-0.39000
16.07.2020,233.65,238.62,239.47,230.44,6630000.00,-2.08000
15.07.2020,238.62,240.49,241.36,237.04,7350000.00,-0.78000
14.07.2020,240.5,239.75,242.08,237.21,7070000.00,0.32000
13.07.2020,239.73,242.84,245.04,237.71,8320000.00,-1.24000
12.07.2020,242.75,239.2,243.79,236.91,6810000.00,1.48000
11.07.2020,239.2,241.21,241.64,237.76,6420000.00,-0.85000
10.07.2020,241.26,242.01,242.17,236.19,6840000.00,-0.32000
09.07.2020,242.02,246.93,247.63,238.28,9020000.00,-2.01000
08.07.2020,246.99,239.26,248.76,238,12980000.00,3.24000
07.07.2020,239.25,241.56,243.43,234.92,6260000.00,-0.95000
06.07.2020,241.56,227.95,241.64,227.1,9450000.00,5.96000
05.07.2020,227.98,229.09,229.8,223.79,5410000.00,-0.51000
04.07.2020,229.15,225.09,230.4,224.8,5450000.00,1.79000
03.07.2020,225.12,226.42,228.14,224.77,5200000.00,-0.57000
02.07.2020,226.42,230.96,232.04,223.53,7280000.00,-1.96000
01.07.2020,230.95,225.61,232.47,224.33,6310000.00,2.36000
30.06.2020,225.63,227.88,228.57,223.23,5600000.00,-0.99000
29.06.2020,227.87,225.09,229.83,221.6,6800000.00,1.24000
28.06.2020,225.09,221.07,227.74,218.46,5910000.00,1.82000
27.06.2020,221.06,229.72,231.3,217.11,7210000.00,-3.75000
26.06.2020,229.67,232.57,233.5,228.16,6960000.00,-1.24000
25.06.2020,232.56,234.75,235.29,227.99,6480000.00,-0.93000
24.06.2020,234.75,243.2,249.23,231.56,9130000.00,-3.47000
23.06.2020,243.2,243.24,244.77,240.94,5160000.00,-0.02000
22.06.2020,243.25,228.11,246.39,227.69,7930000.00,6.63000
21.06.2020,228.13,228.87,231.18,227.38,4100000.00,-0.32000
20.06.2020,228.86,229.11,230.96,226.28,4540000.00,-0.11000
19.06.2020,229.11,231.34,231.94,226.97,5560000.00,-0.97000
18.06.2020,231.34,233.85,234.69,228.13,4960000.00,-1.09000
17.06.2020,233.88,235.37,236.55,228.63,5940000.00,-0.63000
16.06.2020,235.36,230.92,235.95,228.99,7030000.00,1.92000
15.06.2020,230.93,231.99,233.34,219.06,10180000.00,-0.47000
14.06.2020,232.02,238.23,238.48,230.52,5780000.00,-2.6000
13.06.2020,238.22,237.55,238.61,234.86,5270000.00,0.29000
12.06.2020,237.54,230.72,239.23,228.62,7340000.00,2.96000
11.06.2020,230.71,247.79,249.77,227.01,12400000.00,-6.89000
10.06.2020,247.78,243.82,249.51,242.54,7630000.00,1.62000
09.06.2020,243.82,246.19,249.45,240.18,6860000.00,-0.96000
08.06.2020,246.18,244.56,247.11,241.3,6550000.00,0.66000
07.06.2020,244.56,242,244.94,235.44,8100000.00,1.06000
06.06.2020,242,240.27,244.43,238.38,6620000.00,0.73000
05.06.2020,240.23,243.37,247.5,239.7,7750000.00,-1.29000
04.06.2020,243.37,244.53,246.41,236.68,8750000.00,-0.47000
03.06.2020,244.52,237.9,244.76,233.84,8150000.00,2.77000
02.06.2020,237.94,248.01,253.21,227.95,12690000.00,-4.05000
01.06.2020,247.97,231.8,249.81,230.85,11970000.00,6.97000
31.05.2020,231.81,243.63,245.33,230.31,12430000.00,-4.85000
30.05.2020,243.63,220.66,246.55,218.86,14340000.00,10.41000
29.05.2020,220.66,220.14,224.52,217.84,12360000.00,0.21000
28.05.2020,220.18,208.2,220.33,204.79,12510000.00,5.77000
27.05.2020,208.18,200.99,208.18,200.85,10280000.00,3.57000
26.05.2020,201,204.13,204.9,197.3,10440000.00,-1.53000
25.05.2020,204.13,199.99,205.52,198.57,10630000.00,2.08000
24.05.2020,199.97,206.65,210.4,199.97,11890000.00,-3.22000
23.05.2020,206.62,207.35,211.03,204.97,9910000.00,-0.35000
22.05.2020,207.35,198.75,209.04,196.68,12130000.00,4.33000
21.05.2020,198.75,210,211.58,192.11,14360000.00,-5.35000
20.05.2020,209.99,214.52,215.28,207.03,12190000.00,-2.11000
19.05.2020,214.51,214.88,215.75,209.79,13960000.00,-0.17000
18.05.2020,214.87,207,217,207,17730000.00,03.авг
17.05.2020,207,200.51,209.79,199.77,15780000.00,3.23000
16.05.2020,200.51,194.85,203.12,193.48,15520000.00,2.91000
15.05.2020,194.85,203.29,204.02,192.61,16620000.00,-4.15000
14.05.2020,203.3,199.58,205.82,196.21,20750000.00,1.86000
13.05.2020,199.58,189.82,200.82,188.59,17470000.00,5.13000
12.05.2020,189.84,185.82,192.04,185.68,15580000.00,2.09000
11.05.2020,185.96,187.77,193.26,177.43,26740000.00,-0.97000
10.05.2020,187.78,210.19,210.19,180.7,35980000.00,-10.68000
09.05.2020,210.22,211.47,214.5,208.83,20900000.00,-0.58000
08.05.2020,211.45,212,216.44,207.25,23080000.00,-0.26000
07.05.2020,212,199.05,214,197.36,26710000.00,6.51000
06.05.2020,199.04,205.36,210.62,198.79,24030000.00,-3.08000
05.05.2020,205.36,206.59,211.33,201.75,21050000.00,-0.61000
04.05.2020,206.61,209.85,210.63,195.25,27210000.00,-1.53000
03.05.2020,209.83,213.96,218.74,205.5,23120000.00,-1.93000
02.05.2020,213.96,212,215.15,210.51,18310000.00,0.92000
01.05.2020,212,206.23,216.99,206.06,23080000.00,02.авг
30.04.2020,206.22,215.42,227.05,202.59,35460000.00,-4.26000
29.04.2020,215.4,196.55,218.32,196.45,32870000.00,9.59000
28.04.2020,196.55,196.13,197.51,192.47,21810000.00,0.21000
27.04.2020,196.14,197.35,198.8,190.87,23330000.00,-0.61000
26.04.2020,197.35,194.01,199.3,192.52,23130000.00,1.72000
25.04.2020,194.01,187.57,197.35,186.03,21870000.00,3.43000
24.04.2020,187.58,185.48,189.33,185.19,19840000.00,1.14000
23.04.2020,185.46,182.72,192.4,178.54,28730000.00,01.май
22.04.2020,182.72,170.79,183.71,169.93,23810000.00,6.99000
21.04.2020,170.79,170.37,174.48,168.31,23630000.00,0.23000
20.04.2020,170.4,180.12,186.24,167.51,33680000.00,-5.4000
19.04.2020,180.13,187.47,188.23,177.24,23270000.00,-3.9000
18.04.2020,187.45,170.63,189.22,170.61,24750000.00,9.85000
17.04.2020,170.63,172.32,174.52,168.55,20050000.00,-0.97000
16.04.2020,172.31,152.9,174.28,148.91,32990000.00,12.69000
15.04.2020,152.9,158.43,161.06,152.44,20700000.00,-3.5000
14.04.2020,158.45,156.36,161.57,155.52,21200000.00,1.33000
13.04.2020,156.38,158.76,158.85,150.6,25300000.00,-1.48000
12.04.2020,158.73,158.18,164.75,155.17,22600000.00,0.35000
11.04.2020,158.18,157.85,161.37,154.01,19070000.00,0.2000
10.04.2020,157.86,169.67,170.1,152.52,28350000.00,-6.97000
09.04.2020,169.68,173.01,173.2,165.91,20660000.00,-1.92000
08.04.2020,173,164.71,174.23,163.73,24310000.00,5.03000
07.04.2020,164.71,171.07,175.78,162.75,35790000.00,-3.71000
06.04.2020,171.06,142.58,171.24,142.55,37890000.00,19.97000
05.04.2020,142.58,144.03,145.26,140.84,18170000.00,-0.99000
04.04.2020,144.01,141.13,145.71,139.36,19750000.00,2.03000
03.04.2020,141.14,141.29,146.46,138.01,23340000.00,-0.11000
02.04.2020,141.3,135.65,148.91,135.26,29420000.00,4.16000
01.04.2020,135.66,132.88,136.56,128.93,19450000.00,2.1000
31.03.2020,132.86,132.15,135.14,130.54,17300000.00,0.54000
30.03.2020,132.15,125.24,134.72,125.02,20710000.00,5.52000
29.03.2020,125.24,131.02,131.74,124.84,16330000.00,-4.42000
28.03.2020,131.03,131.74,132.68,125.48,21030000.00,-0.54000
27.03.2020,131.74,138.38,140.99,131.09,18180000.00,-4.8000
26.03.2020,138.38,136.08,139.22,133.69,17710000.00,янв.69
25.03.2020,136.07,138.59,141.88,133.06,24150000.00,-1.84000
24.03.2020,138.62,136,142.9,132.67,27100000.00,1.91000
23.03.2020,136.02,122.46,136.93,120.2,28620000.00,11.12000
22.03.2020,122.41,132.59,136.86,121.37,25250000.00,-7.67000
21.03.2020,132.58,133.32,137.33,126.01,27000000.00,-0.56000
20.03.2020,133.32,135.43,151.85,118.07,38740000.00,-1.56000
19.03.2020,135.43,117.76,141.05,115.59,33780000.00,15
18.03.2020,117.77,115.95,117.91,110.16,25800000.00,1.47000
17.03.2020,116.06,111.06,120.6,109.67,27090000.00,4.54000
16.03.2020,111.02,124.35,124.38,102.44,40250000.00,-10.72000
15.03.2020,124.35,122.67,132.13,120.93,26240000.00,1.35000
14.03.2020,122.69,134.02,134.58,121.27,26830000.00,-8.43000
13.03.2020,133.99,107.87,138.86,88.5,60700000.00,24.18000
12.03.2020,107.9,194.57,195.4,102.83,53510000.00,-44.55000
11.03.2020,194.58,200.61,202.96,182.15,21260000.00,-2.98000
10.03.2020,200.56,202.88,205.62,196.17,21870000.00,-1.13000
09.03.2020,202.85,199.21,208.23,190.73,30270000.00,1.85000
08.03.2020,199.16,237.3,237.3,196.71,24760000.00,-16.08000
07.03.2020,237.32,244.87,251.55,236.87,16900000.00,-3.1000
06.03.2020,244.9,228.46,244.98,227.71,17740000.00,07.фев
05.03.2020,228.45,224.36,233.96,224.34,17820000.00,1.81000
04.03.2020,224.38,223.94,228.66,220.74,14650000.00,0.2000
03.03.2020,223.94,231.9,232.37,220.34,18480000.00,-3.42000
02.03.2020,231.87,217.96,234.24,216.23,18120000.00,6.37000
01.03.2020,217.99,217.51,227.44,213,17170000.00,0.21000
29.02.2020,217.52,226.94,232.87,217.43,16340000.00,-4.15000
28.02.2020,226.93,227.6,234.55,214.47,24110000.00,-0.26000
27.02.2020,227.53,224.3,238.07,210.36,28830000.00,1.44000
26.02.2020,224.3,246.97,250.05,216.39,29550000.00,-9.18000
25.02.2020,246.96,265.63,266.17,245.75,20310000.00,-7.04000
24.02.2020,265.65,274.72,276.81,258.15,19960000.00,-3.3000
23.02.2020,274.72,261.65,275.3,261.24,16040000.00,апр.99
22.02.2020,261.64,265.14,266.71,256.97,13400000.00,-1.31000
21.02.2020,265.11,257.32,267.8,254.15,17460000.00,03.мар
20.02.2020,257.39,259.07,264.22,246.46,22070000.00,-0.67000
19.02.2020,259.12,282.33,285.75,253.88,20760000.00,-8.2000
18.02.2020,282.26,267.71,285.59,259.3,24150000.00,5.46000
17.02.2020,267.63,259.92,268.45,242.11,25610000.00,2.94000
16.02.2020,259.99,264.87,273.81,237.89,24820000.00,-1.84000
15.02.2020,264.87,285.17,287.93,262.45,22260000.00,-7.15000
14.02.2020,285.25,268.71,286.34,260.78,19990000.00,6.14000
13.02.2020,268.75,265.59,277.39,257.09,25050000.00,1.19000
12.02.2020,265.58,236.75,274.89,236.73,23790000.00,12.18000
11.02.2020,236.76,222.94,238.61,218.22,17390000.00,6.19000
10.02.2020,222.95,228.61,229.28,217.02,16500000.00,-2.47000
09.02.2020,228.59,223.23,230.38,223.07,14280000.00,02.апр
08.02.2020,223.23,223.47,227.55,213.75,15980000.00,-0.13000
07.02.2020,223.51,213.15,224.53,213.14,16730000.00,4.86000
06.02.2020,213.16,203.84,216.14,201.29,16440000.00,4.58000
05.02.2020,203.83,188.94,207.51,188.26,14670000.00,7.89000
04.02.2020,188.93,189.8,191.48,188.93,11560000.00,-0.45000
03.02.2020,189.79,188.48,194.92,187.16,11950000.00,0.69000
02.02.2020,188.5,183.58,193.25,179.49,14540000.00,2.65000
01.02.2020,183.64,179.88,184.17,179.36,13240000.00,2.08000
31.01.2020,179.91,184.6,185.67,175.46,11770000.00,-2.54000
30.01.2020,184.59,173.86,186.76,171.2,13020000.00,6.17000
29.01.2020,173.86,175.78,178.41,173.76,11270000.00,-1.07000
28.01.2020,175.74,170.27,176.06,170.27,12630000.00,3.21000
27.01.2020,170.27,167.91,171.97,165.45,12540000.00,1.41000
26.01.2020,167.9,160.4,168,159.55,9820000.00,4.65000
25.01.2020,160.44,162.56,162.72,157.87,9630000.00,-1.29000
24.01.2020,162.55,162.8,164.27,155.65,14880000.00,-0.15000
23.01.2020,162.8,168.15,168.25,159.78,14860000.00,-3.17000
22.01.2020,168.13,169.41,171.27,166.19,11300000.00,-0.76000
21.01.2020,169.41,166.87,169.79,165.53,11520000.00,1.52000
20.01.2020,166.87,166.92,169.24,161.61,11300000.00,-0.03000
19.01.2020,166.92,174.17,177.77,162.04,15840000.00,-4.17000
18.01.2020,174.19,170.18,179.29,165.34,17420000.00,2.33000
17.01.2020,170.22,164.39,173.96,162.33,18570000.00,3.57000
16.01.2020,164.36,166.44,167.18,159.08,16240000.00,-1.26000
15.01.2020,166.45,166.07,166.45,159.74,16660000.00,0.23000
14.01.2020,166.07,143.59,169.73,143.59,22850000.00,15.65000
13.01.2020,143.6,146.5,146.87,142.64,10260000.00,-1.95000
12.01.2020,146.46,142.65,146.46,142,10010000.00,2.66000
11.01.2020,142.67,144.81,147.68,142.23,12460000.00,-1.48000
10.01.2020,144.81,137.93,144.86,135.69,13370000.00,4.99000
09.01.2020,137.92,140.8,141.6,135.85,11380000.00,-2.05000
08.01.2020,140.81,143.01,147.55,137.61,13710000.00,-1.56000
07.01.2020,143.04,144.09,145.13,139.22,13580000.00,-0.73000
06.01.2020,144.08,135.59,144.27,135.17,14360000.00,6.26000
05.01.2020,135.59,134.32,138.33,134.32,12190000.00,0.94000
04.01.2020,134.33,134.3,135.57,132.76,11160000.00,0.04000
03.01.2020,134.27,127.19,134.86,126.05,15670000.00,5.56000
02.01.2020,127.19,130.75,130.77,126.74,11450000.00,-2.72000
01.01.2020,130.75,129.21,132.97,128.81,10350000.00,1.19000
